account_number,cust_name,phone_number,purchase_points
1,Jordan Northridge,374-640-8475,4703
2,Tandie Tavner,224-523-5223,8124
3,Winnie Arndell,745-317-5731,2354
4,Shannan O'Looney,541-356-2789,3326
5,Torrin Kyngdon,997-959-4315,2853
6,Sheryl Bouldstridge,409-594-3682,5773
7,Selig Eccott,304-515-6451,3600
8,Malanie Joice,878-570-8563,8154
9,Mordy Westerman,362-728-1333,6508
10,Noella Andell,754-786-9193,9633
11,Berny Donoher,949-322-8256,7664
12,Ricki Checcuzzi,492-157-6887,5338
13,Leelah Backe,746-910-2505,7697
14,Cooper Giorgioni,426-988-1059,8398
15,Emlynn Ferro,459-496-7812,5898
16,Hagan Stooke,379-352-0250,5688
17,Angie Ochterlony,488-190-8366,8620
18,Emily Menezes,719-673-3867,6052
19,Stavros Bram,731-147-5306,7204
20,Merrick Berardt,860-248-7607,2203
21,Spenser Garmston,479-672-7977,1097
22,Rowland Dashwood,173-461-3680,6005
23,Alejandro Tonbridge,725-456-3001,3984
24,Natala Walczynski,325-604-5143,6898
25,Gerri Habbema,233-977-2411,7677
26,Shannen Hubert,412-880-8104,8634
27,Terence Rylatt,557-456-4269,3200
28,Kristo Gregoratti,154-658-9358,2672
29,Arin Feldhorn,979-517-6668,6150
30,Wolfie L'oiseau,502-930-7024,7979
31,Dorothee Gunda,855-320-6696,1022
32,Graeme Halbert,454-118-9322,466
33,Moe Tudge,535-463-1219,1988
34,Linea Cottem,381-799-2118,217
35,Frankie Merit,727-163-9382,5566
36,Afton Favel,658-781-4601,9718
37,Aigneis Morando,557-191-8064,5401
38,Clementia Dimberline,968-132-2724,1759
39,Bryan Cheyney,213-312-8349,2819
40,Silvie Brettelle,569-909-3871,13
41,Faunie Ferrea,732-419-9502,383
42,Dalton Voce,561-453-6980,7511
43,Kath Dennes,739-533-7619,9462
44,Mufi Dinsale,201-724-8079,1616
45,Hephzibah MacHostie,411-834-5027,3403
46,Egor Sawter,483-223-1473,6946
47,Genevra Chimes,590-869-8716,4100
48,Leoline Eastbrook,218-453-3966,9042
49,Skippy Hearns,932-779-6940,6251
50,Kirby Eble,744-130-8293,6353
51,Davita Barratt,409-108-2517,7625
52,Dacy Livoir,417-506-9149,1271
53,Upton Bringloe,653-662-9470,5076
54,Raleigh Reyne,589-958-9427,4025
55,Johna Beazer,902-128-7593,831
56,Tomasina Hessentaler,434-437-6856,9313
57,Carlin Neary,863-117-5839,8655
58,Diahann Abells,598-753-6075,424
59,Jacquelynn Lambrick,430-794-1680,335
60,Wadsworth Linskey,643-116-3116,4227
61,Stearne Merkle,111-610-2016,3944
62,Tomlin Feasley,680-255-1966,85
63,Danya Schieferstein,672-729-8673,6164
64,Drusy Newbury,897-437-8779,5463
65,Nels Breukelman,702-831-7056,2591
66,Peg Duffett,384-497-2516,307
67,Margalo Cleaton,685-486-2343,3615
68,Antoine Rumming,809-803-6205,3809
69,Steven Pendrick,557-180-7921,8254
70,Sloan Ruttgers,789-986-9891,6211
71,Dallas Glasard,898-651-4052,1508
72,Sharia Autry,193-269-3051,1507
73,Olivie Demogeot,704-648-3013,4152
74,Finlay Millen,110-427-0970,3668
75,Andi Beretta,871-995-8856,3959
76,Miner Lurner,576-384-0899,6804
77,Ethelda Harnwell,564-244-8947,2068
78,Harald Hauger,881-989-5968,3034
79,Prescott Wilmut,929-262-0647,212
80,Pail Nudds,535-848-2320,1880
81,Ross Wick,513-410-2741,2053
82,Waldon Kayne,295-488-4750,574
83,Abdul Pietruszka,939-699-7913,7959
84,Melonie Garnar,855-384-7781,7774
85,Jaine Pulman,139-259-6499,9083
86,Verile Duncan,850-304-2540,6622
87,Kiele Sleightholme,741-428-5121,297
88,Beitris Calabry,229-269-1874,9469
89,Friederike Saffon,492-716-8655,2866
90,Clark Battlestone,357-347-0166,9424
91,Rae Viegas,863-499-9441,2162
92,Mohandis Bunworth,229-774-0564,1232
93,Merci Whyatt,167-917-1795,8660
94,Jeremias Lindeberg,175-959-6489,7802
95,Rollo Elphinston,538-803-1213,7832
96,Laurent De la Barre,949-295-1207,5529
97,Marjory Dain,293-587-8443,8114
98,Leonhard Stubbeley,321-243-5290,6474
99,Rebbecca Rous,354-578-7707,1404
100,Rip Marklund,390-811-0670,3466
101,Molly Gouda,373-241-1756,3502
102,Giuditta Edgington,923-493-2072,4540
103,Claribel Erskine,785-772-2559,1647
104,Horacio Hosten,410-804-0304,6300
105,Evelyn Genner,461-146-7989,7728
106,Kirbee Hassen,660-363-0423,7313
107,Leonora Brockman,736-369-5534,5169
108,Carilyn Divis,204-344-9077,7472
109,Moe Duddle,876-373-0541,5631
110,Nealon Giocannoni,464-189-5279,3383
111,Tatiania Gouly,211-786-7201,1632
112,Kylie Szimoni,789-683-2026,2285
113,Denni Januszewski,652-286-2688,5095
114,Perkin Olivo,898-100-6298,5117
115,Katey Hallet,958-251-8436,7634
116,Jodi Boldero,196-579-2708,8189
117,Bernarr Adie,364-236-8236,5862
118,Loydie Chidley,469-206-7136,6421
119,Neala Beranek,767-136-8118,7945
120,Mersey Ismay,746-922-9288,9712
121,Antonietta Soigne,779-254-5854,7834
122,Olia Lestor,434-782-6866,3587
123,Dina Van Hesteren,177-342-9729,2296
124,Jori Indge,296-932-6021,7908
125,Alard Dalgetty,770-587-8921,4793
126,Patrick Kidney,645-797-9444,8485
127,Cassey Fochs,251-468-8765,7535
128,Jenda Tomankowski,718-417-3816,7706
129,Olia Vasler,786-861-8352,8926
130,Gard Cecil,376-615-5554,9233
131,Lolita Brogiotti,556-337-7193,9717
132,Linnie Bartles,886-135-7015,9659
133,Todd Syms,767-802-1591,4585
134,Toiboid Baleine,464-409-2779,852
135,Arlette Rapsey,859-119-6149,1193
136,Skipper Robb,167-748-9936,7408
137,Aldridge Bedrosian,652-633-9397,3119
138,Agnes Danelet,822-370-4057,489
139,Shawna Rippin,352-652-4859,4666
140,Oliy Nutkin,315-359-6732,2134
141,Saunder Heditch,961-581-8284,1890
142,Stevy Cridlan,377-407-8130,6418
143,Jervis Di Filippo,208-879-5596,8623
144,Jock O'dell,266-466-5278,370
145,Edi Mouatt,411-766-2706,46
146,Zollie Towson,267-809-4679,9642
147,Boony Warcop,619-690-1016,9957
148,Jesselyn Roughley,190-569-4388,1893
149,Thorny Worboys,846-999-9775,9419
150,Sheela Doerrling,856-479-8107,7107
151,Suzy Claypool,459-966-7009,8224
152,Irwinn Norvill,363-596-1074,7663
153,Ariela Baudinot,866-858-7799,6986
154,Freida Gibbs,956-232-9283,5707
155,Glenn Jury,860-486-3138,358
156,Windham Mulmuray,293-185-5354,4218
157,Cathe Guarnier,361-585-3388,7598
158,Zonda Andor,702-724-0766,9832
159,Eli McDavitt,973-522-2770,7252
160,Alia Towersey,738-393-0318,5793
161,Filippa Plummer,292-210-7718,2329
162,Rhiamon Sambals,115-715-8811,611
163,Mord Macveigh,898-978-4787,2957
164,Roselia Yakebovich,467-482-5242,8810
165,Laurice Wickenden,935-433-3617,3079
166,Leola Blaksland,187-408-0435,5249
167,Aimee Osgarby,457-499-8941,6854
168,Victoria Narramor,942-985-2163,1937
169,Vidovic Schimek,846-950-7570,6278
170,Jasmina Pawsey,838-114-4214,3304
171,Selie Clearley,562-349-4609,9366
172,Chucho Askin,591-975-9296,6670
173,Georgine MacMorland,889-540-7033,2784
174,Jayme Jandel,961-660-7353,9785
175,Hercules Keenlayside,810-227-8680,6136
176,Rice Jankovic,315-449-7062,1148
177,Augy Thomton,747-565-0367,7053
178,Birdie Gilkison,266-607-7304,9609
179,Ofelia Habbershon,553-741-9835,566
180,Jordan Tows,898-634-9401,4095
181,Gal Phillipson,891-341-6962,720
182,Afton Campes,616-980-1518,6928
183,Paul Wycherley,123-242-7353,8917
184,Miltie Doe,206-629-8046,9671
185,Nerissa Eede,839-975-1971,6146
186,Tanhya Bratton,451-102-4957,3003
187,Moss Frediani,451-388-2341,7502
188,Thor McKerlie,990-628-1159,103
189,Marcos Emerson,754-253-1689,1425
190,Colene Trethewey,837-509-7563,9814
191,Dorotea Andreaccio,672-603-4395,8259
192,Rudolph Fitchell,530-188-7697,5155
193,Stacy Balsdone,805-596-1587,9734
194,Tome Lyte,718-557-2923,3632
195,Rosana Leedal,262-785-9449,2102
196,Waldo Trew,559-350-4926,6284
197,Ashby Bernardos,662-392-2618,4314
198,Nola Haydon,544-432-8643,2052
199,Grant Scolding,317-535-3412,7972
200,Jaquelin Spleving,798-378-5813,3159
201,Dedie Spratt,400-777-1795,4259
202,Darcey Doohey,847-806-0978,743
203,Clemmie Guilliatt,862-491-0964,5456
204,Susy O'Cosgra,281-515-5416,5409
205,Krissy Lumsdale,538-742-9107,6854
206,Mari Pendlenton,641-171-6358,3709
207,Juditha Wackett,489-299-2811,3654
208,Homerus Spada,236-397-0428,7873
209,Ruby Matiebe,819-656-9760,8482
210,Magdalen Stegell,557-813-6937,2571
211,Sapphire Thorold,707-549-5268,2207
212,Marcella Shuttleworth,997-200-8547,3168
213,Catie Charity,928-326-8129,2434
214,Almeda Hacard,152-948-1738,4485
215,Sarine Klimkovich,488-194-4438,850
216,Sherwin Schoular,972-769-0407,3375
217,Caryn Breznovic,326-160-5322,2728
218,Gayel Garside,674-728-7313,1942
219,Michel Reubbens,420-417-2638,9440
220,Broddy Deschlein,965-163-3629,5109
221,Caitlin Cresswell,161-660-5249,6045
222,Umeko Fortescue,542-680-1162,3998
223,Kelby Kilmaster,150-154-4114,9101
224,Nikolia Kitchingman,725-984-9628,2798
225,Milty Titt,164-503-2016,902
226,Ardyth Van De Cappelle,831-672-0179,6357
227,Christy Cracknall,917-329-8589,6969
228,Kirk Burbidge,843-641-9443,225
229,Georges Murrum,406-995-6535,9980
230,Sheff Tucker,778-168-6293,5285
231,Ernestine Zink,336-319-6058,6949
232,Marianne Caslett,734-151-9942,6989
233,Klement Akester,581-528-8796,1353
234,Arden Crossgrove,446-665-2749,4495
235,Lita Nolot,635-872-8087,5149
236,Desmund Cantle,669-722-7005,3319
237,Dix Balmer,634-271-0048,3360
238,Budd Rabbe,231-487-8838,3537
239,Griffin Matches,696-658-7733,6880
240,Greer Bowdler,248-988-5482,7162
241,Shena Yesinov,649-393-4113,9232
242,Kassia Worms,254-572-8855,8434
243,Fields Wallman,951-441-3755,8126
244,Finn Kienlein,272-666-1355,7664
245,Milena Bools,341-437-7598,4001
246,Gene Delhanty,422-168-9966,3385
247,Salim Haugh,297-523-6971,2025
248,Shaylynn Sute,162-843-3698,9287
249,Augy Trynor,923-324-0170,561
250,Johnny Fairhead,217-954-8996,213
251,Halette Feavers,724-228-5355,5318
252,Hattie Gaither,469-114-0222,5490
253,Karlyn Aynold,227-733-0563,6739
254,Annabelle Dillaway,994-288-3862,665
255,Lian Vella,815-207-8821,3355
256,Mortie Casa,561-328-2267,8778
257,Meade Mosco,502-119-8101,3178
258,Deirdre Mayston,205-524-2198,3143
259,Fawnia Coneybeer,864-721-1807,1772
260,Brittan Freezer,254-794-6249,5825
261,Athene Bowle,330-841-5172,8296
262,Emlen Evison,190-399-2215,8905
263,Yule Jirik,104-794-8671,4702
264,Myer McDool,329-289-4527,7391
265,Jordan Soulsby,442-589-8485,1448
266,Kerby Akenhead,505-510-0077,2584
267,Andonis Semon,468-809-6050,9993
268,Debera Figures,583-564-5215,4174
269,Madelina Easdon,747-747-2060,5911
270,Yvette Arnot,349-956-5986,2840
271,Kit Dugdale,385-224-0482,3877
272,Rudd MacKimmie,626-474-6870,7341
273,Cullie Cormode,789-441-5729,4554
274,Oates Borge,942-470-9663,3616
275,Rockey Stallard,794-163-8358,7549
276,Dane Henner,796-726-0445,4269
277,Arlen Hempel,380-825-4785,4891
278,Ernesta Hassell,316-356-1629,8126
279,Nicky Torald,113-994-2968,3818
280,Nathalia Marchbank,796-842-4635,4631
281,Ainsley Rayburn,956-170-1777,6277
282,Truda Bartaloni,331-328-7500,5700
283,Cody Tsarovic,804-232-3854,5896
284,Tessie Deason,331-534-5370,546
285,Kipper Davisson,444-437-6844,9783
286,Jecho Seamon,525-307-1639,7091
287,Garrot Rogans,497-590-1559,668
288,Corbin Potteridge,147-311-1456,6613
289,Marne Daen,579-223-4523,57
290,Zorana Turbat,754-767-2713,1562
291,Nehemiah Nanelli,887-653-1769,886
292,Almira Greave,343-850-7914,2090
293,Jena Byfford,400-765-4514,871
294,Tab Curnok,250-964-0011,7374
295,Ryan Boutcher,775-351-6470,8252
296,Gilburt Erik,796-940-4163,6588
297,Cassy Ollivier,924-290-6543,7470
298,Amelie Guerreru,918-288-1135,1872
299,Neala Cabbell,322-849-8068,2482
300,Shurlock Spong,102-597-6845,9549
301,Seamus Chatel,236-791-8494,5037
302,Lynda Mc Kellen,622-971-3517,9652
303,Jami Michel,657-251-5405,166
304,Terza Melvin,890-466-1529,5385
305,Esme Kinglesyd,627-636-7477,7722
306,Piper Hedling,933-991-6713,4208
307,Tootsie Gilliver,259-703-8846,6253
308,Daisie Pyson,488-669-0584,6230
309,Lucio Longhirst,161-414-6518,2559
310,Rad Bubbins,217-212-4666,8168
311,Babita Harry,612-857-6657,3587
312,Myrle Mapledorum,542-790-9199,3626
313,Lutero Gillatt,531-668-2270,3892
314,Myer Adenet,100-639-2390,8608
315,Keeley Cordingly,202-483-4518,4280
316,Neile Tompion,487-479-7788,8271
317,Ranna Frostdyke,343-154-9679,8060
318,Gale Bidgod,732-965-6447,4763
319,Mikkel Sabater,660-317-9117,3583
320,Selina Schutte,632-131-5721,1122
321,Sheree Gorman,604-555-6563,6869
322,Nariko Ilieve,291-322-4954,4427
323,Gabey Lyte,360-592-9108,1612
324,Constancia Klink,460-524-1831,3503
325,Ninnette Humberstone,915-627-7322,6670
326,Liuka Janku,280-275-1065,1043
327,Janith Lead,468-185-3626,8404
328,Berty Winkle,694-393-6533,8426
329,Dougie Low,728-948-6500,1843
330,Kaela Campbell,220-719-3870,4298
331,Sanford Loudian,104-942-2268,161
332,Ina Trafford,228-875-4660,8353
333,Dulcy Leathart,442-155-5723,632
334,Arnuad Brounfield,791-918-1928,1856
335,Dorry Darch,645-173-5727,4823
336,Isadora Vacher,202-137-3930,873
337,Tyson Lanceley,242-924-1596,8413
338,Hymie Seedman,612-445-8240,1119
339,Lolita Ferriby,271-217-0508,9604
340,Ara Suermeier,529-786-0022,5635
341,Penn Barnard,334-479-3130,4452
342,Danya Maskew,273-201-0505,3370
343,Selia McGilvary,648-496-6502,1009
344,Reeva Locarno,221-432-2175,6777
345,Fremont Llorens,856-820-0648,1534
346,Sella Noorwood,717-283-7598,6803
347,Darren Cristol,205-781-5234,3150
348,Cristina Sallans,906-609-0618,4600
349,Padraig Danson,872-292-2962,5353
350,Niall Guiduzzi,422-576-1923,4610
351,Hedwiga Grady,245-796-0768,1818
352,Donetta Paulus,787-728-4114,1796
353,Anson Bratch,824-802-2335,7224
354,Sebastian Napoli,625-644-1456,3538
355,Annecorinne Sprake,377-867-4870,6064
356,Giustino Caurah,350-373-9810,9191
357,Lorrie Hruska,665-602-1994,8525
358,Whitby Clive,535-713-0236,5493
359,Redford Anselmi,678-429-9122,6371
360,Aubree Kadar,896-643-8315,5647
361,Arlin Hendren,222-837-0301,5101
362,Paulina Bolmann,785-630-6293,3667
363,Carson Norvill,107-670-0568,357
364,Brandise Bartoszinski,438-681-6377,7573
365,Nelly Arnout,442-759-2028,4036
366,Reuben Elcoate,185-401-0004,5720
367,Beret Sappell,101-429-6056,1747
368,Amity Lamble,867-289-6224,3915
369,Mal Bunner,383-957-6887,3308
370,Gail Jeromson,284-968-5859,8141
371,Harwilll Goschalk,523-894-2328,7802
372,Myriam Southerton,430-263-8130,8492
373,Noll Tattershall,850-725-6283,6688
374,Gannon Cardew,999-479-8187,2969
375,Janos Hardwin,323-150-8736,9170
376,Worthington Filpo,896-410-1638,2012
377,Randi Napolitano,308-615-7142,3656
378,Giffer Andre,694-954-1110,5105
379,Hagen Saunper,932-572-3283,3451
380,Priscilla Woolward,752-496-8535,5842
381,Darrelle Feldstern,764-869-0965,6934
382,Amii Farrell,572-129-6158,921
383,Ferdy Pessler,238-306-1272,8366
384,Conroy Bussen,436-169-1220,3365
385,Garey Sotheron,659-573-0032,4756
386,Marci Mithun,354-617-8475,849
387,Francine Hartwright,616-127-1584,6318
388,Kenon Gooke,759-721-6818,7965
389,Brittany Clementucci,300-459-4866,6509
390,Carlee Parr,429-957-9938,4482
391,Charles Rouby,181-481-3506,110
392,Jacquelyn Dudbridge,164-335-4201,6948
393,Kira McAvaddy,908-873-5277,9366
394,Eli Rekes,343-758-7071,7245
395,Haywood Mulrenan,696-982-3438,1545
396,Woodman Rickhuss,232-536-5802,2846
397,Trefor Rymmer,251-186-3366,3763
398,Burr Kleinsmuntz,517-924-9716,9320
399,Jeffry Albrecht,945-693-8352,7209
400,Celina Folley,409-534-4222,8172
401,Laurence Rhyme,754-385-1336,2175
402,Laurene MacFadzan,869-762-9370,7018
403,Sally Josselson,902-789-7145,9346
404,Terrell McGing,667-118-3565,4222
405,Humberto Egel,507-514-8759,9208
406,Dredi Matyashev,194-252-5020,975
407,Amity Filov,994-964-0210,8320
408,Budd Wessel,880-725-9002,71
409,Huntlee Brennen,927-674-4047,9128
410,Ricki Simla,714-589-9054,9500
411,Dulcea Cowell,870-271-8989,4901
412,Sheena Escalera,788-823-1442,4687
413,Zuzana Bohin,925-729-0181,6799
414,Kaia Terrazzo,335-321-8814,4329
415,Fabiano Rowlett,354-506-6583,4869
416,Aurlie Arlott,521-870-9020,3161
417,Star Brislan,325-287-1512,551
418,Pip Ellacombe,856-851-5662,3197
419,Thomasina Bryce,851-446-4132,1314
420,Ruben Tingcomb,795-308-8864,8869
421,Adriena Roughan,772-983-5785,7747
422,Gertruda Amburgy,879-687-3090,8621
423,Tybalt Kleis,332-659-2961,8876
424,Alayne Ginity,743-257-4836,415
425,Cam Dugget,874-451-5084,1584
426,Chan Root,637-438-6926,7266
427,Conny Bergeau,682-713-8173,1890
428,Zenia Wivell,410-523-1389,6637
429,Rolf Overill,989-813-4981,9835
430,Verine Sex,975-293-6263,4225
431,Carin Kerford,995-374-1469,4278
432,Coraline Westcot,988-202-7711,485
433,Helaine McWhirter,301-204-0565,7832
434,Clareta Gallahar,137-993-1627,8590
435,Maurizio Brandom,702-555-9032,262
436,Ariela Berresford,878-506-1672,6238
437,Lauralee Hand,693-440-4841,5449
438,Nickie Hamlyn,365-607-5469,991
439,Eudora Liptrot,995-208-2022,846
440,Ros Fishley,771-962-0775,9080
441,Alex Arni,446-162-0105,3082
442,Adriano MacClancey,571-717-5027,4129
443,Milicent Castillou,206-314-6357,6967
444,Sonnnie Burne,484-999-8127,2466
445,Crawford St Quenin,190-560-5541,2899
446,Caesar Bean,705-677-4800,8987
447,Urbanus Bugdell,938-433-8449,8331
448,Mireille Rosenbarg,780-551-6216,8831
449,Ardis Revel,155-253-5548,9888
450,Francis Gowanson,321-968-7701,4633
451,Burt MacCarrick,496-351-2436,8473
452,Homere Fussen,701-927-9449,3870
453,Sauveur Fawley,342-489-3327,3520
454,Niki Normavill,902-152-9595,5882
455,Vance Treharne,269-284-2474,9976
456,Crichton Hedley,440-668-4893,939
457,Orin Karpov,198-700-8844,1843
458,Bev Meeson,268-901-6637,3230
459,Glenda Jacobbe,301-576-7236,3518
460,Annaliese Clayden,408-190-1906,5460
461,Galen McGahey,785-416-8797,3
462,Bordie Major,388-980-3789,7106
463,Yule Hayne,939-109-3648,4479
464,Merry Vaulkhard,181-522-7219,9560
465,Marillin Bennell,217-785-9538,1647
466,Ronnie Lucock,635-949-8238,74
467,Titos O'Neill,665-833-1120,9699
468,Adrianne Edmonston,896-439-0407,2384
469,Emmi Pillifant,385-539-9997,2899
470,Alfredo Redholls,167-800-3683,5661
471,Isak Stit,936-421-2477,3444
472,Marrissa Agates,850-334-7199,6811
473,Maxwell Szymczyk,860-703-1111,8109
474,Zolly Carse,325-992-0778,9257
475,Yelena Esh,538-328-4575,2452
476,Marin Brosetti,711-680-9246,7083
477,Pooh Calfe,312-872-7853,6084
478,Fonzie Taberer,159-340-1443,9415
479,Gerry Matten,481-456-3147,6417
480,Scotti Sussems,695-396-9077,4083
481,Eugine Murrigans,707-701-2667,8573
482,Holly-anne Boggas,972-701-8459,4673
483,Francyne Hellsdon,116-832-2214,591
484,Isiahi Marshallsay,412-757-1713,2180
485,Ebonee Bembrick,503-780-1264,4138
486,Grover Leworthy,695-578-5277,5359
487,Shaun Grinaugh,344-796-8643,3470
488,Beniamino Shawe,964-509-1575,8045
489,Jens Etchell,964-282-5422,8204
490,Jens Whitty,711-260-7350,1545
491,Christyna Mowett,205-935-5925,7237
492,Geoffry Jukes,270-677-6744,5185
493,Nikolos de Banke,171-635-2272,2118
494,Neel Gaines,116-420-9291,7152
495,Miran Hendonson,406-634-6360,3307
496,Sayer Hamm,969-573-3473,6210
497,Eulalie Camois,598-639-9097,2743
498,Bernadette Handaside,629-162-9834,7120
499,Jamey de Marco,516-919-0412,733
500,Rachael Slobom,495-188-0599,6623
501,Regina Lathey,591-603-7968,5036
502,Abbe Czadla,497-468-4465,9127
503,Fleming Croal,413-492-4087,4107
504,Benyamin Braams,969-448-8795,1386
505,Athena Espina,993-941-7782,7928
506,Violette Colleford,619-356-2776,5201
507,Barn Whitta,697-641-7425,5754
508,Valdemar Brenston,477-700-1143,8726
509,Berky Cormack,758-502-6962,5846
510,Chiquia Raffels,552-886-2803,387
511,Ceil Penhearow,259-247-9057,7106
512,Jannelle Caltera,772-480-7865,3533
513,Bendicty Fearnyough,951-136-0355,7727
514,Oralee Wathen,257-235-1226,1506
515,Garth Cloute,686-274-7575,8397
516,Benyamin Casey,176-295-5899,5326
517,Yvonne Giampietro,110-420-3099,3788
518,Karyl Brockton,215-515-7837,316
519,Kerr Vogele,196-274-5855,2635
520,Melany Dickons,756-458-9366,2084
521,Karalynn Colmer,503-613-7607,1482
522,Shirlee Vahl,231-706-8765,1560
523,Rutledge Polley,237-799-0405,4004
524,Serena Blaisdale,848-809-3382,7578
525,Della Congreve,840-174-3490,2734
526,Laurence Turle,632-355-2688,7566
527,Lyn Sharper,262-649-7580,7584
528,Nalani Elbourn,818-332-5232,909
529,Taryn Utley,367-273-6988,7840
530,Monte Pochin,346-723-3453,5392
531,Jori Spillett,425-459-4618,7560
532,Lemuel Thacke,257-820-4059,6691
533,Heinrik Haddinton,337-949-8511,4505
534,Leda Mably,739-269-3106,7049
535,Cullin Clutton,857-152-5238,2661
536,Lulita Baxendale,783-288-3096,1826
537,Grete Job,579-294-1366,3423
538,Johnathon Casswell,847-572-0119,1079
539,Kath McGuff,870-833-0439,4552
540,Olga Brashier,290-894-2541,9358
541,Kit Ackerman,307-812-4112,8809
542,Emilia Sandercock,207-269-7475,7583
543,Janeva Tumini,951-945-3247,5925
544,Abie Radband,665-800-7067,1849
545,Toby Abeles,565-515-4848,5085
546,Dulce Sennett,909-963-5919,7096
547,Brandon Ciabatteri,562-357-4725,7500
548,Claude Fearns,581-993-3390,3170
549,Luciano Bootton,864-134-6567,4095
550,Lenna O'Brogan,353-358-5880,9612
551,Hobie Gosland,530-134-6618,1298
552,Cinnamon Pischel,624-203-4014,7767
553,Patrizius Peal,953-273-0870,6887
554,Elizabeth Ralphs,954-501-6590,8915
555,Quintin Vevers,887-680-4603,106
556,Tedda Hosier,914-454-6148,2346
557,Marjy Northedge,379-213-6169,6129
558,Lotti Koppelmann,883-425-8720,5200
559,Clement Drejer,983-919-4151,2839
560,Janet Maddra,679-770-8824,6106
561,Ahmad Jillins,423-402-7308,654
562,Amberly Frandsen,107-416-9472,1466
563,Alyosha Muggeridge,341-528-2657,1517
564,Farrand Edgeworth,991-560-3342,4811
565,Eilis Colcomb,772-553-1715,9174
566,Karlyn Cleary,777-449-4423,8661
567,Brana Babbs,812-756-6049,5892
568,Roseline Gibbeson,237-923-3587,1011
569,Michael Edlestone,712-516-9865,3666
570,Carlita Durdle,545-802-0228,5433
571,Mitchell Barthod,503-823-0938,1056
572,Rickie Janew,259-228-7141,1020
573,Harri Sherborne,827-431-2684,8803
574,Lissy Giorgeschi,807-710-4975,4377
575,Clare Baroch,910-252-5919,8631
576,Agna Terlinden,257-802-7984,9432
577,Merilee Mallows,122-278-0283,2888
578,Alfred Camelli,413-539-5385,4817
579,Roseline Brummitt,749-253-2764,5468
580,Wyn Theriot,973-960-7013,6154
581,Callean Haibel,272-131-8240,4337
582,Shalne Wellard,213-727-1265,7075
583,Elisha Brittles,871-273-9912,2092
584,Roy Gooday,485-884-7786,9597
585,Angelika McCory,114-866-7188,1931
586,Angelina Leyninye,902-975-4108,1547
587,Casi Grindle,288-321-2094,2784
588,Elnar Leynton,866-483-4925,6780
589,Georgetta MacGiolla,133-843-4646,9542
590,Jo-ann Horlock,295-807-4650,2180
591,Torrey Pettko,388-192-3694,9076
592,Kayne Shulver,205-946-9726,5508
593,Dud Bawdon,784-392-3083,8609
594,Tori Romayne,775-128-7582,7951
595,Hildy Stamper,739-360-2260,3410
596,Kathie Budibent,115-561-9020,2813
597,Rafe Cherrett,666-831-9177,7353
598,Engracia Godley,871-352-8107,4781
599,Romola Di Biagi,911-584-1453,1981
600,Zebadiah Blondin,963-491-9126,9324
601,Rozalie Karoly,464-678-9364,9892
602,Rhody Sherlaw,666-754-1465,2215
603,Algernon Grishakin,132-552-4036,6419
604,Burnaby Penni,751-639-2153,3653
605,Crystie Bompass,695-208-2225,6751
606,Kaine Housen,785-991-1659,5064
607,Kary Crighton,173-906-8106,9037
608,Fin Ormesher,775-186-4992,3693
609,Cordula Fried,907-666-3198,181
610,Cyndia Yegorkov,534-781-0585,6942
611,Trisha Jess,125-604-0037,6979
612,Zitella Dauber,881-399-6831,3690
613,Britte Gipp,320-720-1472,546
614,Rube Cranny,452-654-1805,6559
615,Edsel Pughsley,788-717-0447,7996
616,Rosene Ricker,431-352-9636,7350
617,Rawley McGreary,593-259-2447,5068
618,Sonny Kennermann,646-745-0944,7633
619,Dacey Hanbury-Brown,334-103-1422,3473
620,Reade Presslie,100-952-5411,9909
621,Daveta Dearle-Palser,739-519-9574,8158
622,Elia O'Reilly,833-737-4375,4305
623,Rene Laister,741-411-3902,3295
624,Charmaine Sivell,300-735-6165,6352
625,Flo Pretty,436-433-4944,8042
626,Free Fragino,692-333-6979,8636
627,Bailie Pattesall,533-637-7151,8126
628,Byron Schimann,690-175-2997,9895
629,Leigha Fishley,547-496-3415,3193
630,Rea Fall,389-385-0653,3825
631,Mia Baudains,690-636-6785,7508
632,Omero Lorriman,293-602-3548,7886
633,Julia Cutts,626-947-5372,6321
634,Pietra Renny,303-346-8449,9867
635,Esteban Yakubovics,231-798-8885,8447
636,Yetta Shutte,811-467-7072,7218
637,Ruby Cantle,892-343-4263,686
638,Evonne Gummary,276-845-1433,3713
639,Sondra Fortnum,802-296-4915,8163
640,Roderick Teasey,412-111-8853,725
641,Melosa Cason,529-892-6419,6142
642,Baron Gallemore,817-622-3207,5179
643,Brynna Norkutt,213-206-0334,7799
644,Pavia Casbon,521-356-6128,1352
645,Charo Duthie,778-266-4936,6995
646,Wesley Bromby,133-611-5042,7032
647,Cart Saich,102-177-1576,2430
648,Alexa Scrigmour,887-867-6004,9271
649,Justus Ravenhills,797-416-1821,9630
650,Dayle Cretney,663-325-2516,6581
651,Merwyn Ogglebie,888-458-8036,5670
652,Elset Blacker,577-957-4347,8781
653,Brinna Galsworthy,893-557-1166,357
654,Marian Wyrill,393-442-3114,4184
655,Claudetta Alywin,969-684-7569,8637
656,Kai Shickle,404-315-0950,899
657,Venita Musgrove,488-365-4863,6817
658,Lynda Wiggans,271-444-4123,4291
659,Sandor Carlesi,469-753-3743,1128
660,Jodie Armsby,643-325-3781,6644
661,Bette-ann Abbay,207-435-0849,634
662,Artur Cregeen,278-686-1210,824
663,Luke Kwiek,392-605-7510,6207
664,Libby Succamore,758-797-6361,7680
665,Calley Stapleford,631-183-9448,924
666,Shirl Loddy,132-970-1834,7289
667,Georgeanna Fyndon,151-891-3880,2478
668,Tiphani MacCaughan,945-674-7397,5807
669,Colas Yeell,244-824-2358,4926
670,Tonya Showering,820-857-9323,1959
671,Marge Llorente,262-748-0207,4924
672,Buckie Stiger,979-845-0203,7089
673,Harwell Donke,744-752-6013,2336
674,Ganny Allanby,316-860-4014,7609
675,Kylie Boncoeur,646-377-7095,6947
676,Garry Beese,892-394-0977,7934
677,Ulises Eadie,120-512-8256,7689
678,Harbert Haws,524-450-4786,434
679,Allissa Ferie,889-778-2689,1997
680,Jolie Fewtrell,210-106-5172,3587
681,Prinz Peaker,403-339-9923,9746
682,Sergeant Yele,771-224-5492,7700
683,Osbourne Alkins,409-623-2136,8834
684,Letitia Paullin,838-171-3253,9184
685,Lillian Dy,725-994-4588,3712
686,Lori Morshead,878-125-5594,3444
687,Marilyn Rogliero,543-689-4158,5913
688,Tad Ledbury,201-704-0713,8731
689,Tally Aggio,321-265-6356,7580
690,Conroy Gate,602-550-8374,1630
691,Ford O'Kuddyhy,824-420-3276,5292
692,Benedikta Kmietsch,288-795-7192,9168
693,Berny Dinsale,234-403-4150,4459
694,Malia Rogans,751-524-6658,5808
695,Adina Metherell,898-630-2134,1725
696,Wadsworth Le Leu,841-753-6533,2214
697,Chelsey Overal,942-474-4546,8352
698,Austen Tortis,141-103-9455,7711
699,Georges Brosi,567-885-2955,6180
700,Brice Salack,315-852-1523,2393
701,Grete Seaward,249-116-7223,955
702,Hesther Barsby,253-300-2370,686
703,Sascha MacKean,390-789-8472,3944
704,Toni Dewfall,820-179-8870,9776
705,Pollyanna Philbrick,153-258-0732,5125
706,Jarrid Shale,568-447-3848,8978
707,Zabrina Kienzle,261-470-5754,1322
708,Madelena McCorrie,685-304-5148,6499
709,Garrard Maliphant,750-579-6560,1576
710,Dody Maling,774-859-1504,3925
711,Flori Carryer,748-482-1248,4201
712,Lenette McGarahan,280-216-0089,6556
713,Peadar MacAlaster,373-642-1830,1207
714,Krysta Swateridge,879-615-1017,1780
715,Nanete Feeley,265-639-7129,70
716,Flinn Bolden,337-621-2226,8567
717,Raul Dunkinson,408-217-8575,2478
718,Vicki Cassie,389-891-6611,6399
719,Poul Maureen,162-811-2484,6214
720,Abigale Padgett,889-753-5993,1280
721,Batsheva Over,139-111-8926,8854
722,Spencer Hover,677-162-8853,1048
723,Audy Verchambre,457-262-1020,3057
724,Bartram Smy,758-877-7538,9366
725,Christy Greenacre,330-259-7650,927
726,Thomas Oris,101-444-3400,9899
727,Stormie Dumphry,136-929-0620,6497
728,Nell Somerled,577-416-2840,1141
729,Luca Howson,905-646-9385,3758
730,Mimi Ferroli,168-968-0223,8058
731,Welch Schade,228-464-9263,2445
732,Lewie Warn,922-512-0218,7175
733,Hewitt Bausmann,380-325-4726,7757
734,Sloan Janikowski,800-821-2105,4414
735,Cross Haddow,271-881-1433,4295
736,Eberhard Strongitharm,207-861-1602,4872
737,Queenie Van Merwe,811-788-8392,6865
738,Collette Klimmek,293-860-7651,4366
739,Emmit Belward,568-365-4089,3282
740,Betsey Dalzell,690-221-4622,4786
741,Oliviero Eaddy,274-466-1417,2663
742,Ashley Ruberti,864-516-0779,6073
743,Chandal Smyth,255-727-6624,9109
744,Cammie Denkin,830-962-5425,165
745,Hakim Hellicar,159-792-0828,1876
746,Letti Borer,273-824-9851,8306
747,Katrina Blundell,167-374-9410,4155
748,Dionis Scriver,992-315-9682,1645
749,Row Buttler,348-662-8734,2619
750,Antons Yakubowicz,863-406-5641,9143
751,Lorette Hundley,690-215-9058,576
752,Maddy Ingree,102-417-5882,463
753,Noland Oldershaw,271-722-4025,1404
754,Freeland D'Ugo,937-294-7754,1124
755,Tremain Terrazzo,380-877-6638,8287
756,Viviyan Calterone,857-189-1092,4980
757,Susannah Dobinson,465-609-1163,5130
758,Kora Sheard,452-229-4659,8829
759,Geri Pfeiffer,147-460-7296,993
760,Orella Mac Giany,896-255-9433,6293
761,Giffie Niessen,774-203-5140,1219
762,Heddie Stuart,478-948-7894,9274
763,Dewie Tomalin,181-507-0712,7651
764,Haleigh Baxstair,510-319-5799,5237
765,Jory Waine,661-242-7449,6605
766,Maxine Dolden,798-531-4628,564
767,Padgett Pover,473-106-1354,1417
768,Natalee McLafferty,901-992-7101,3750
769,Ange MacDearmont,644-423-1911,2199
770,Cammi Walewicz,864-312-0250,4425
771,Tiffanie Worham,741-825-7510,4098
772,Nelly Venediktov,836-778-4531,64
773,Imogen Stubbington,678-168-4665,559
774,Tamar Muzzall,275-308-0434,6103
775,Anitra Shawley,684-195-7417,7562
776,Lurette Bedin,847-232-5517,6049
777,Rog Foard,317-799-3068,1061
778,Wright Hazle,883-759-3987,447
779,Wynny Hellens,595-591-4875,1822
780,Edna Rostron,404-220-1853,5328
781,Lena Attenbrow,548-294-7604,6304
782,Nedda Whitlow,862-614-7170,1002
783,Early Loughney,347-334-7551,1598
784,Lonnie Puckinghorne,890-476-0750,1474
785,Margalo Fazzioli,844-442-6397,1333
786,Eadmund Zeale,368-917-9881,1183
787,Zebulen Minchell,673-179-7448,869
788,Jewell Mulvin,239-416-6283,4728
789,Balduin Gorcke,546-104-0444,9378
790,Ewell Domelow,437-669-4595,5504
791,Janelle MacKenny,260-934-1473,6424
792,Koralle Rudd,457-188-7824,8288
793,Nikolaos Bergstram,662-313-1191,8546
794,Jarret Adenet,762-443-4963,3365
795,Jakob Blofeld,663-631-9593,4001
796,Glenn Dwine,638-235-0307,1682
797,Sibeal Izkovitz,471-153-1102,2677
798,Margeaux Balnaves,339-630-3833,2088
799,Eugenio Behnke,345-958-8537,9452
800,Joelie Filan,819-151-8691,1708
801,Orelia Francesconi,728-180-8166,9573
802,Gillan Elphinston,948-287-5459,1250
803,Hamil Sweetman,780-589-6765,6033
804,Arnoldo Blasio,796-672-4275,7521
805,Pavia Ritmeyer,488-560-7115,8132
806,Jamima Donaldson,114-731-2041,3467
807,Bryanty Yoxall,440-323-0495,6124
808,Harlen Gawith,760-539-4043,5182
809,Elmo Pencott,783-190-5741,6889
810,Say Treffry,271-301-7368,437
811,Briant Serris,966-919-7745,8405
812,Novelia Branche,445-532-7402,9754
813,Yolane Gueinn,606-745-1555,8602
814,Lian Abramowitz,689-411-3067,6811
815,Alana Fayre,885-744-3935,7036
816,Alf Pietsma,833-650-4931,1086
817,Yorke Hassekl,360-992-9772,5483
818,Andre Linning,359-241-1693,1030
819,Laverna MacSweeney,339-778-2342,9099
820,Yves Gaize,453-964-3181,3054
821,Manda Filippov,429-453-2778,9989
822,Amandi Hinder,361-558-3919,7734
823,Leora Boord,421-814-5807,6077
824,Perry Mollison,385-263-6120,5923
825,Randene Serjeant,135-920-1920,9072
826,Creight Cove,111-695-9990,7677
827,Eugenia Sterman,787-455-6392,2310
828,Nelie Skeldon,893-523-6472,6446
829,Bogart Kleszinski,772-182-5541,5414
830,Dulsea Deport,547-576-5600,5451
831,Jeffry Orgel,924-761-1332,8033
832,Sim Maas,122-777-6299,4592
833,Deck Emerson,268-354-2473,6101
834,Baryram Foxall,535-394-2537,8725
835,Gusella Ungerer,612-129-4448,3396
836,Ninnette Gidden,158-233-2103,4208
837,Joletta Swynfen,777-830-5245,7580
838,Marjy Romain,140-968-4991,142
839,Carlina Wannop,554-234-8665,9745
840,Sigismund Merriott,488-593-6326,1607
841,Reynold Berrane,731-668-2659,7337
842,Britni Wilton,138-727-4231,8925
843,Martica Pineaux,867-934-0147,3279
844,Sigvard Kinnier,719-873-4955,3100
845,Stanleigh Nellies,640-424-3227,8162
846,Richmound Tottie,794-567-9625,3594
847,Vaughn Maior,881-723-4861,8472
848,Eartha Hagergham,641-149-2185,4908
849,Benito Ladyman,984-392-0614,5878
850,Vanna Bonevant,662-530-8901,8021
851,Jacquelynn Storie,339-594-9684,6128
852,Claudina Francescone,847-441-6821,7321
853,Cass Baldacchino,473-562-7123,1967
854,Ted Gotcher,985-547-2024,8694
855,Fifi Georghiou,752-160-6584,2846
856,Krishna Boughtwood,185-266-4936,9876
857,Carlin Linden,372-401-0274,7021
858,Burtie Meryett,958-240-6295,4252
859,Murray O'Kieran,854-375-4562,2907
860,Nanette Overstall,931-674-9650,8173
861,Dermot Ricardou,246-466-8243,9296
862,Jess Wasiela,479-990-7499,9289
863,Phil Beyn,409-921-0668,4150
864,Shanan Goodridge,526-464-2875,9734
865,Ranee Roggerone,381-266-3732,3268
866,Fin Lauxmann,193-967-7350,7059
867,Simeon Kyberd,835-909-4492,5080
868,Cristin Marple,923-495-2536,7771
869,Deck Bail,336-110-3152,7220
870,Thorvald Thinn,106-299-4064,9686
871,Vilma Blacket,127-110-9768,6512
872,Cherianne Whittaker,342-996-1479,8768
873,Ronda Thieme,500-963-8228,3447
874,Zaccaria Janko,437-633-3718,5187
875,Ingram Wortley,671-332-5725,4324
876,Kit Dorricott,765-335-4344,920
877,Nikita Jost,825-717-4933,2559
878,Rosemary Gawith,645-238-1612,9536
879,Brittne Cockerill,877-414-5606,1320
880,Ailyn Demcak,507-827-4119,7549
881,Cecilio Laden,862-521-6444,8101
882,Diahann Reinger,139-400-6182,3623
883,Tonnie Kippin,696-498-7564,3938
884,Tracy Mucillo,910-223-0655,4030
885,Avictor Pudding,905-519-6920,6086
886,Dannye Anderson,702-232-3262,6463
887,Linette Liebrecht,241-748-8902,8341
888,Halley Jurgen,220-167-5412,7109
889,Zara Creegan,611-409-4979,4109
890,Lacey Raecroft,881-173-2814,6892
891,Gage Clowley,909-766-5407,8558
892,Christen McInally,673-519-4766,5958
893,Aime Manclark,752-828-2225,7648
894,Jorge Lindwall,329-494-1840,5702
895,Dorree Jakel,282-518-6495,3251
896,Al Darthe,494-253-2686,3856
897,Carma Decourt,263-631-8253,6419
898,Leopold Ablott,109-859-2074,7576
899,Obidiah Ginnane,603-482-1474,2708
900,Tybie Olliffe,241-716-0330,6805
901,Philip Kremer,244-298-8177,2992
902,Rudolph Bovis,284-197-7115,2095
903,Shandy Geydon,197-227-7978,5662
904,Kara-lynn Fearnill,803-807-4797,1810
905,Pamelina Halshaw,138-548-9185,417
906,Smitty Shayes,394-213-5813,2567
907,Barthel Forsdyke,468-793-5650,9156
908,Devina Spancock,898-951-6196,6755
909,Harvey Mellings,463-813-4489,5113
910,Benedicto Fruish,647-756-1086,2601
911,Sandye Harriday,816-963-3741,8687
912,Yehudi Mingo,564-868-6978,2236
913,Udell Woodburn,473-877-2264,8382
914,Sondra Charter,363-373-4296,8326
915,Deena Eilles,792-670-6082,1879
916,Karine Llorens,278-256-6914,7748
917,Olly Slocomb,798-607-1952,4198
918,Alana Castellucci,483-907-4668,6873
919,Tuesday Kilshall,156-656-7879,7657
920,Warner Scyone,393-313-5251,7892
921,Dorthea Coppin,151-309-7938,1264
922,Bendix Solon,793-649-2528,6984
923,Ruthie Seefeldt,977-980-3904,8905
924,Paco Winsom,363-223-7387,1552
925,Stavros Chardin,619-716-1718,4026
926,Salvidor Olennikov,128-783-7271,5499
927,Janeen Wehnerr,175-129-6688,4584
928,Baryram McNirlan,153-652-9744,916
929,Donelle Bagshaw,885-634-3828,9022
930,Gustavus Kondratowicz,955-807-1508,1679
931,Benjy Davidsohn,524-408-6192,6253
932,Stesha Kort,144-749-7986,4604
933,Dalis Igounet,962-796-3978,9734
934,Yule Jellybrand,299-489-5142,9207
935,Katy Tuft,701-603-6008,894
936,Henrieta Crone,159-817-3218,6144
937,Milissent Tilte,976-570-1555,5251
938,Merlina Janu,725-450-2386,4985
939,Jenny Pero,725-505-1640,5409
940,Lev Riceards,105-597-7520,5387
941,Beverlee Westmorland,975-427-6820,2719
942,Bobbi Pagin,188-411-1620,3640
943,Sherline Quenell,859-423-5558,5885
944,Larisa Andrusyak,630-755-3588,7395
945,Karlene Hustler,592-286-7674,9303
946,Quincy Lettson,550-616-5948,9840
947,Aggy Drable,432-756-4710,165
948,Tricia Tearle,327-828-6310,3027
949,Bathsheba Sandeland,849-536-7545,7268
950,Palmer Zavattieri,870-770-0745,4683
951,Marietta Davydzenko,460-283-9359,7166
952,Eldredge Rannigan,911-701-5762,5910
953,Keefer Donnison,609-942-2399,2864
954,Giuditta Baskett,158-848-2213,8013
955,Clemmie Sich,526-664-3573,7196
956,Theo Jahn,336-357-5189,5669
957,Mureil Hove,202-930-5574,4865
958,Lorrie Mozzini,594-286-0051,9472
959,Debbi Ingray,258-476-8784,3792
960,Vivia Futter,647-371-7235,1041
961,Myrah Snasel,324-438-2349,8435
962,Warren Caren,726-682-0029,4862
963,Heloise Benedetti,247-570-5599,9444
964,Robinet Crosthwaite,762-343-1531,2265
965,Ansel Gurry,874-663-9942,6054
966,Rubia Carlow,423-985-1566,2451
967,Phillipe Gibbin,609-286-3347,8348
968,Vivyanne Zecchini,570-670-7448,2488
969,Suellen Loxley,602-660-9906,7686
970,Corella Dalligan,513-163-8322,2651
971,Deidre Lamas,641-974-3714,2995
972,Corry Every,614-204-5060,4673
973,Dinah Amyes,475-409-7696,587
974,Marie Pierpoint,812-440-8387,5615
975,Birdie Rennick,862-600-2451,3573
976,Florence Yakobovicz,805-246-9717,6704
977,Cordie Doog,492-219-3401,1198
978,Beniamino Abbitt,910-420-3225,1871
979,Xylia Izac,276-971-7274,5339
980,Hallsy Isakovic,747-346-9534,8125
981,Quincey McElree,882-192-1817,820
982,Ame Canero,755-461-5825,7376
983,Silvie Bebbington,820-314-4641,7152
984,Roobbie Jinkinson,713-241-6239,5449
985,Fern Clotworthy,669-146-9388,7122
986,Isahella Hackey,886-713-5529,9947
987,Ephrayim Gymlett,211-773-8549,4395
988,Mychal Maypes,626-135-9196,3857
989,Tarrance Comley,163-261-1319,6851
990,Eustace Jacox,973-914-3996,3113
991,Charlton Kinver,665-121-3605,1097
992,Deerdre Fauguel,357-987-2481,3923
993,Alanson Netti,429-263-7071,7248
994,Son Sketh,962-531-6828,872
995,Penny Longland,782-580-3362,3195
996,Alisha Sprowle,165-139-3757,3291
997,Alisander Clavering,898-888-9529,2792
998,Ellene Boath,305-868-5443,2904
999,Silvano Simnor,496-498-2166,42
1000,Roderigo Bladder,409-945-3970,184