store_id,store_name,addr_line1,addr_city,addr_state,addr_zipcode
1,Dot Lichen,535 Sutteridge,Chicago,Illinois,60609
2,Garland-flower,507 Sullivan,Syracuse,New York,13210
3,Haleakala Catchfly,8 Susan,Kent,Washington,98042
4,Makino Bamboo,1870 Nelson,Des Moines,Iowa,50347
5,Pennell's Lousewort,178 Hayes,Kalamazoo,Michigan,49048
6,Spotted Beebalm,3 Saint Paul,Austin,Texas,78744
7,Tucson Mountain Spiderling,94 Waywood,Baltimore,Maryland,21229
8,Dwarf Wakerobin,287 Beilfuss,Fullerton,California,92640
9,Lyall's Mariposa Lily,2309 Northport,Philadelphia,Pennsylvania,19191
10,Arizona White Oak,924 Cambridge,Montgomery,Alabama,36177
11,Neolamarckia,44471 Meadow Ridge,Houston,Texas,77223
12,Bristlecone Pine,56603 Merchant,Tampa,Florida,33673
13,Leucospermum,9614 Delaware,Silver Spring,Maryland,20910
14,Chinese Sumac,8 Union,Fort Worth,Texas,76129
15,Sickle Dichelyma Moss,4958 Bowman,Providence,Rhode Island,2912
16,Schwaneck's Logwood,1121 Esch,Virginia Beach,Virginia,23471
17,Yellowwood,21 Express,Houston,Texas,77255
18,Reverchon's Bristlegrass,53 Ilene,Columbus,Ohio,43226
19,Alpine Fleabane,798 Dixon,Austin,Texas,78783
20,Olopu,612 Swallow,Spokane,Washington,99215
21,Rapp's Ramonia,42 Hagan,Young America,Minnesota,55573
22,Orcutt's Liveforever,7 Shasta,Columbia,South Carolina,29220
23,Smooth Rose,1 Village,Charlotte,North Carolina,28215
24,Elliott's Rush,882 Thackeray,Arlington,Texas,76096
25,West Indian Livingvase,44 Victoria,Johnstown,Pennsylvania,15906
26,Shiny Chickweed,9572 Bayside,Philadelphia,Pennsylvania,19115
27,Leggett's Pinweed,73 Sachs,Denver,Colorado,80249
28,Canada Germander,39 Monument,Los Angeles,California,90010
29,Hairy Medick,164 Clyde Gallagher,Atlanta,Georgia,30306
30,Glandular Clarkia,8796 Stuart,Huntsville,Alabama,35895
31,Coiled Anther Penstemon,14 Bashford,Battle Creek,Michigan,49018
32,Pine Barren Goldenheather,21884 Stone Corner,San Diego,California,92176
33,Crossberry,2 Westridge,Pasadena,California,91125
34,Desert Lily,8281 Debra,Indianapolis,Indiana,46216
35,Stebbin's Bluegrass,9 Loftsgordon,Oklahoma City,Oklahoma,73114
36,Gray's Townsend Daisy,6 Brown,Arlington,Virginia,22244
37,Crimsoneyed Rosemallow,7680 Bunker Hill,Topeka,Kansas,66611
38,Common Turmeric,88444 Novick,Memphis,Tennessee,38150
39,Irish Hill Buckwheat,2490 Sunbrook,Oklahoma City,Oklahoma,73157
40,Figleaf Goosefoot,1193 Pearson,Rochester,New York,14624
41,Bracted Jewelflower,73562 Pankratz,Fort Lauderdale,Florida,33305
42,Drummond's Mountain-avens,89 Lerdahl,Honolulu,Hawaii,96805
43,Twoheaded Water-starwort,55 Bluejay,San Francisco,California,94147
44,Prairie Spiderwort,334 Raven,Houston,Texas,77245
45,False Rhodes Grass,11357 Waxwing,North Las Vegas,Nevada,89087
46,Polycoccum Lichen,9443 Pawling,Albany,New York,12255
47,Sticky Cinquefoil,58 Michigan,Fort Wayne,Indiana,46862
48,Greenland Rim Lichen,35 Grasskamp,Jamaica,New York,11407
49,Roemer's False Indigo,81 Maple Wood,Mobile,Alabama,36628
50,Orbignya,50491 Mendota,Providence,Rhode Island,2912
51,Cuero De Rana,69527 Sutteridge,Yakima,Washington,98907
52,ena'ena,7167 Cardinal,Annapolis,Maryland,21405
53,Arroyo Willow,56 Raven,Knoxville,Tennessee,37924
54,Short's Aster,45663 Glacier Hill,Miami,Florida,33147
55,Trapeliopsis Lichen,9118 Utah,Asheville,North Carolina,28805
56,Hermannia,77624 Amoth,New York City,New York,10105
57,Ellis' Stinking Milkvetch,83 Buell,Washington,District of Columbia,20220
58,Mountain Marlberry,134 Lindbergh,Fargo,North Dakota,58106
59,Orphniospora Lichen,9276 Crescent Oaks,Irvine,California,92612
60,Spreading Alkaliweed,354 Lillian,Columbia,South Carolina,29225
61,Diamondleaf Willow,6 Dakota,Orlando,Florida,32891
62,Maguire's Lewisia,69 Goodland,Louisville,Kentucky,40233
63,Timber Milkvetch,669 Clarendon,Denver,Colorado,80209
64,Greene's Milkweed,929 Corry,Saint Louis,Missouri,63136
65,Lecidea Lichen,2478 Schmedeman,Lima,Ohio,45807
66,Spiked Ipomopsis,3 Blackbird,Seattle,Washington,98121
67,Crandall's Beardtongue,1245 Bartelt,Seattle,Washington,98158
68,Pearlbrush,421 Summer Ridge,Rockford,Illinois,61110
69,Rock Melicgrass,8 Loftsgordon,Idaho Falls,Idaho,83405
70,Himalayan Berry,3 Sutherland,Columbus,Ohio,43210
71,Grimmia Dry Rock Moss,7 Spaight,Philadelphia,Pennsylvania,19131
72,Heermann's Buckwheat,6 Troy,Houston,Texas,77025
73,Lambsquarters,3 Buena Vista,Houston,Texas,77255
74,Fragile Sheath Sedge,2 Shelley,Durham,North Carolina,27705
75,Waxweed,614 Sauthoff,Lancaster,California,93584
76,Davidson's Sage,0 Bluestem,New York City,New York,10024
77,Big Blackberry,136 Carey,Dallas,Texas,75358
78,Derris,72362 Lakewood Gardens,Omaha,Nebraska,68124
79,Arbol De Navidad,2 Mccormick,Vancouver,Washington,98687
80,Gambir,354 Spenser,Washington,District of Columbia,20470
81,Tawnyberry Holly,45255 Prairie Rose,Pueblo,Colorado,81005
82,Willow Glowweed,669 Mariners Cove,Boise,Idaho,83727
83,Dune Fescue,35 Bartelt,Austin,Texas,78789
84,American Lotus,7567 New Castle,Denver,Colorado,80279
85,Lemon Beebalm,82509 Stoughton,Saint Paul,Minnesota,55172
86,Neon's Orange Lichen,93 Northport,Saint Augustine,Florida,32092
87,Clay Hill Buckwheat,3857 Colorado,Brooklyn,New York,11215
88,Sticky Sage,756 Pine View,Melbourne,Florida,32941
89,Demangeon's Phylliscum Lichen,370 Hintze,Panama City,Florida,32412
90,Drummond's Entosthodon Moss,0 Service,Tampa,Florida,33673
91,Whitewoolly Buckwheat,716 Westerfield,Miami,Florida,33169
92,Cinnamonspot Pondweed,89354 Service,El Paso,Texas,79955
93,Crescent Milkvetch,742 Sachs,Boise,Idaho,83722
94,Elongate Dicranum Moss,8 Red Cloud,San Luis Obispo,California,93407
95,Dwarf Naupaka,24 Arapahoe,Los Angeles,California,90030
96,Kauai Pteralyxia,376 Hayes,Duluth,Minnesota,55805
97,Sierra Bluegrass,8103 Dwight,El Paso,Texas,79928
98,Uinta Mountain Fleabane,77077 Iowa,Washington,District of Columbia,20067
99,Fabronia Moss,736 Spaight,Cumming,Georgia,30130
100,African Asparagus Fern,8193 Dexter,Colorado Springs,Colorado,80910
101,Old Man's Whiskers,63 4th,Norfolk,Virginia,23504
102,Florida False Beardgrass,3 Del Mar,Peoria,Illinois,61629
103,European Wand Loosestrife,78896 Melvin,Seattle,Washington,98133
104,Smooth Brome,38648 Scott,Sunnyvale,California,94089
105,Sphagnum,3959 Acker,Knoxville,Tennessee,37939
106,Nestegis,94610 Marquette,Wilmington,Delaware,19897
107,Fourspike Heliotrope,48190 Farmco,Denver,Colorado,80270
108,Copper Globemallow,28738 Ryan,El Paso,Texas,79989
109,Shining Gum,3 Algoma,Salt Lake City,Utah,84105
110,Chamisso Arnica,58602 1st,Orlando,Florida,32808
111,Snowy Mermaid,79 Little Fleur,Pittsburgh,Pennsylvania,15220
112,Bryum Moss,38 Barnett,Toledo,Ohio,43635
113,Sunset Lupine,781 Crest Line,Corpus Christi,Texas,78470
114,Hybrid Violet,95 Namekagon,Washington,District of Columbia,20073
115,Bahama Manjack,7 Mesta,Memphis,Tennessee,38181
116,Nippon Daisy,7 Buell,Seattle,Washington,98175
117,Japanese Primrose,3 Division,Charlotte,North Carolina,28242
118,Rich's Seepweed,23812 Melrose,Gainesville,Georgia,30506
119,Pyrenopsis Lichen,1 Redwing,Migrate,Kentucky,41905
120,Ghostweed,694 Kipling,Brea,California,92822
121,Weeping Forsythia,66 Burning Wood,Baltimore,Maryland,21239
122,Vaucher's Hypnum Moss,6609 Crescent Oaks,Corpus Christi,Texas,78405
123,Mokihana Kukae Moa,40173 Nevada,Baton Rouge,Louisiana,70810
124,Maidenhair Fern,417 Talisman,Wilkes Barre,Pennsylvania,18763
125,Beauvois' Spotted Felt Lichen,8 Veith,Stockton,California,95219
126,Aplodon Moss,1 Rigney,Des Moines,Iowa,50330
127,Whitesnow,12 Red Cloud,Fort Myers,Florida,33913
128,Nile Grass,0 8th,Jackson,Mississippi,39216
129,Weedy Dogfennel,79 Dahle,Duluth,Georgia,30195
130,Bristle Berry,79538 Hoard,Tampa,Florida,33633
131,Small Matweed,6 Surrey,Rochester,New York,14683
132,Schismatomma Lichen,0 Elka,Sacramento,California,94273
133,Glade Fern,997 Fair Oaks,Hartford,Connecticut,6152
134,Hooker's Balsamroot,604 Mcguire,El Paso,Texas,79945
135,Texas Palafox,531 Wayridge,Ridgely,Maryland,21684
136,Absaroka Range Beardtongue,4299 Arizona,Newton,Massachusetts,2458
137,Longstalk Clover,26494 Comanche,Vancouver,Washington,98682
138,Hairy-seed Goldenrod,33119 Golf Course,New York City,New York,10019
139,Trembleya,438 Dunning,El Paso,Texas,79950
140,Thread Lichen,70 Miller,Las Vegas,Nevada,89145
141,Temblor Range Clarkia,6 Roxbury,Charlotte,North Carolina,28215
142,Obtuseleaf Fissidens Moss,57520 Ridgeview,Saint Louis,Missouri,63116
143,Cabbage Gum,2 Tomscot,Lexington,Kentucky,40596
144,Ozark Grass,778 Sachtjen,Oklahoma City,Oklahoma,73173
145,Bear Valley Sandwort,33836 Fairview,North Hollywood,California,91606
146,Silky Lupine,0 Debra,Silver Spring,Maryland,20918
147,Hogwort,4 Florence,Littleton,Colorado,80126
148,Mojave Woodyaster,6579 Boyd,Durham,North Carolina,27710
149,White Spirea,143 Linden,New York City,New York,10034
150,Tidal Spikerush,6733 Cottonwood,Houston,Texas,77045
151,Stipulated Cinquefoil,7960 Vidon,Honolulu,Hawaii,96825
152,Pohlia Moss,165 Hallows,Monticello,Minnesota,55565
153,Field Fescue,8475 Banding,Dallas,Texas,75287
154,Appalachian Shoestring Fern,9478 Warrior,Moreno Valley,California,92555
155,Winged Sumac,880 Kedzie,Huntsville,Alabama,35810
156,Pilo Kea Lau Li'i,18 Barnett,Salt Lake City,Utah,84140
157,Cowhorn Orchid,8 Norway Maple,Miami,Florida,33164
158,Rhodora,63 Hallows,Sacramento,California,95852
159,Funeral Mountain Milkvetch,48675 Gale,Fresno,California,93715
160,Rio Grande Tickseed,31 John Wall,Charlottesville,Virginia,22903
161,Dwarf Black Juniper,46496 Hoepker,San Diego,California,92105
162,Calopo,600 Armistice,Gainesville,Florida,32610
163,Rock Clubmoss,299 Westerfield,San Diego,California,92132
164,Solidstem Burnet Saxifrage,2 Scofield,Milwaukee,Wisconsin,53215
165,New Zealand Flax,8 Prairie Rose,Huntsville,Alabama,35815
166,Tansyleaf Evening Primrose,9634 Bunker Hill,Louisville,Kentucky,40220
167,Frankton's Saltbush,780 Mifflin,Las Vegas,Nevada,89178
168,White Prairie Clover,1566 Bluestem,Dallas,Texas,75251
169,Dwarf Mountain Ragwort,11826 Rutledge,Bradenton,Florida,34210
170,Whorled Clustervine,4229 Grasskamp,Charleston,West Virginia,25356
171,Arizona Centaury,99171 Nova,Monticello,Minnesota,55585
172,Trinidad Milkvetch,30 Pearson,Tucson,Arizona,85720
173,Gmelin's Saltbush,5 Heath,Suffolk,Virginia,23436
174,Congdon's Lewisia,8 Mandrake,Arlington,Texas,76011
175,Compact Scloiciosporum Lichen,866 Garrison,Denver,Colorado,80291
176,Stevens' Fiddleleaf,396 Ridge Oak,Englewood,Colorado,80150
177,Leafy Nama,9 Fallview,Hartford,Connecticut,6140
178,Leskea Moss,4 Reindahl,Winston Salem,North Carolina,27150
179,Mariposa Pussypaws,81631 Kim,Los Angeles,California,90065
180,Smooth Draba,86 Garrison,Lake Charles,Louisiana,70616
181,Emorybush,8901 Judy,Houston,Texas,77065
182,Emory's Rockdaisy,93416 Bay,Sacramento,California,94286
183,Small Penstemon,3044 Lawn,Jamaica,New York,11470
184,Amur Silvergrass,128 Anzinger,Norfolk,Virginia,23514
185,Kalm's Hawkweed,25 Londonderry,New York City,New York,10009
186,Molokai Nehe,67719 Delaware,Carol Stream,Illinois,60158
187,Coccotrema Lichen,89 Barby,Littleton,Colorado,80127
188,Robust Spineflower,29 Merry,Detroit,Michigan,48211
189,San Antonio Stoneseed,540 Union,Tampa,Florida,33615
190,Frosty Wattle,3 Pond,San Antonio,Texas,78225
191,Blistered Navel Lichen,61 Canary,Gatesville,Texas,76598
192,Eaton's Spikemoss,639 Karstens,Durham,North Carolina,27705
193,Script Lichen,6428 Raven,Atlanta,Georgia,30343
194,Junghuhn's Sphagnum,88288 Forest Run,Sacramento,California,95894
195,Pearlflower,648 Vernon,Dallas,Texas,75287
196,Solmsiella Moss,77 Schurz,Bethesda,Maryland,20816
197,Horsehair Lichen,8632 Northview,Las Vegas,Nevada,89160
198,Common Woodrush,25825 Fisk,Miami Beach,Florida,33141
199,Jepson's Willow,16 Meadow Ridge,Washington,District of Columbia,20067
200,White Rosemallow,66 Montana,Charlotte,North Carolina,28235
201,Angularfruit Ma'oloa,63 Upham,Arlington,Texas,76096
202,Sierra Linanthus,60 Lawn,Jacksonville,Florida,32255
203,Mojave Pricklypoppy,3387 Lakeland,Harrisburg,Pennsylvania,17110
204,Heartscale,16 Red Cloud,Naperville,Illinois,60567
205,Sierra Valley Mousetail,85295 Birchwood,Washington,District of Columbia,20215
206,Hairless Popcornflower,10 Monument,Fort Wayne,Indiana,46867
207,Russian Wildrye,9 Birchwood,Houston,Texas,77218
208,Western Meadow Aster,3099 Independence,Evansville,Indiana,47705
209,Largeflower Hawksbeard,102 South,Santa Barbara,California,93150
210,Kamchatka Buttercup,36 Porter,Louisville,Kentucky,40266
211,False Brome,8 Luster,Frederick,Maryland,21705
212,Shining Fleabane,6 Division,Peoria,Illinois,61651
213,White Mangrove,1268 Bluejay,Erie,Pennsylvania,16510
214,Comfrey,4 Dakota,Washington,District of Columbia,20535
215,Texas Poppymallow,37 Del Sol,Fort Worth,Texas,76147
216,Marsh Bellflower,57317 Dennis,Fresno,California,93704
217,Canterbury Bells,98616 Oriole,Jacksonville,Florida,32230
218,Beauvois' Spotted Felt Lichen,90 Cardinal,Las Vegas,Nevada,89115
219,Trans-pecos Sea Lavender,42299 Oriole,Fresno,California,93762
220,Fernleaf Licorice-root,33 Westridge,Tucson,Arizona,85710
221,Rim Lichen,13 Brown,Las Cruces,New Mexico,88006
222,Golden Polypody,19960 Kenwood,Pueblo,Colorado,81005
223,London Planetree,23 Macpherson,New York City,New York,10270
224,Greater Showy Stickseed,425 Shoshone,Boise,Idaho,83711
225,Cottonwood,2220 Crescent Oaks,Albuquerque,New Mexico,87121
226,Crabseye Lichen,4267 Grayhawk,San Diego,California,92105
227,Chamisso Bush Lupine,5 Lakewood,Bridgeport,Connecticut,6606
228,Solenospora Lichen,37 Annamark,Cleveland,Ohio,44197
229,Bog Goldenrod,19 Michigan,Phoenix,Arizona,85072
230,Rambling Dewberry,5 Troy,Sunnyvale,California,94089
231,Flowery Phlox,3709 Hoard,El Paso,Texas,88579
232,Diploid Timothy,7092 Kropf,Amarillo,Texas,79176
233,Moxley's Dry Rock Moss,199 Eastlawn,Washington,District of Columbia,20337
234,Swampforest Clermontia,49209 Vidon,New York City,New York,10115
235,Solorinella Lichen,79008 Drewry,Roanoke,Virginia,24014
236,Caribbean Thoroughwort,1030 Orin,Des Moines,Iowa,50320
237,Purple Wormwood,65833 7th,San Diego,California,92191
238,European Frostweed,0 Morning,Durham,North Carolina,27705
239,Twospike Crabgrass,9 Burrows,Dayton,Ohio,45490
240,Oahu Tetramolopium,3269 Ruskin,Peoria,Illinois,61629
241,Yarrow,8 Doe Crossing,Philadelphia,Pennsylvania,19136
242,Pearl Millet,25 David,Denver,Colorado,80228
243,American Pokeweed,3 Hanson,Anchorage,Alaska,99522
244,Narrowleaf Soap Plant,99242 Anzinger,Chicago,Illinois,60614
245,Scribble Lichen,57803 Colorado,Shreveport,Louisiana,71115
246,Hardham's Bedstraw,95 Moland,Baton Rouge,Louisiana,70894
247,Livermore Nailwort,34 Drewry,Cincinnati,Ohio,45238
248,Mat Rockspirea,745 Shelley,Cheyenne,Wyoming,82007
249,Fir Clubmoss,50530 Mccormick,San Jose,California,95108
250,Pritchardia,4 American Ash,Akron,Ohio,44321
251,California Wild Hollyhock,19185 Erie,Washington,District of Columbia,20057
252,Goatgrass,5272 Twin Pines,Asheville,North Carolina,28805
253,Wild Lime,53 Tony,Brooksville,Florida,34605
254,Giant White Fawnlily,0 Clove,Los Angeles,California,90040
255,Desert Twinbugs,9 Division,New York City,New York,10014
256,Layne's Ragwort,67 1st,Mc Keesport,Pennsylvania,15134
257,Whiteweed,74023 Vidon,Troy,Michigan,48098
258,Woollypod Milkvetch,382 Kropf,Tacoma,Washington,98447
259,ohi'a Lehua,8 Arapahoe,Sacramento,California,95813
260,Dentate False Pennyroyal,8945 Dakota,Chicago,Illinois,60686
261,Slender Bushmallow,2 Colorado,Pasadena,California,91103
262,Sparse-flowered Bog Orchid,293 Hayes,Seattle,Washington,98121
263,Stephanandra,3 Clyde Gallagher,Lake Charles,Louisiana,70616
264,Curlyleaf,7978 Westend,Fort Wayne,Indiana,46867
265,Edwards' Starwort,4195 Summer Ridge,Washington,District of Columbia,56944
266,St. Andrew's Cross,46 Caliangt,Orlando,Florida,32885
267,Manna Gum,64475 Merrick,Ogden,Utah,84409
268,Aloe,70 Riverside,Terre Haute,Indiana,47812
269,Saltmeadow Rush,2 Buell,Huntington,West Virginia,25716
270,Smartweed Dodder,13 Commercial,Brooklyn,New York,11215
271,Sorrel Buckwheat,7 Upham,Washington,District of Columbia,20057
272,Schefflera,200 Derek,Baton Rouge,Louisiana,70820
273,Giant White Fawnlily,42670 Eagle Crest,Tuscaloosa,Alabama,35405
274,Cardinal Catchfly,5 Ryan,Seattle,Washington,98185
275,Mt. Kahili Beggarticks,72 Bowman,Henderson,Nevada,89074
276,Rockcress,3927 Nevada,Minneapolis,Minnesota,55441
277,Santa Cruz Beehive Cactus,54 Evergreen,San Jose,California,95173
278,White Fringed Orchid,7 Vermont,North Hollywood,California,91606
279,White Fringetree,77090 Kensington,New York City,New York,10009
280,Hawthorn,74 Kings,Topeka,Kansas,66622
281,Catillaria Lichen,9 Pond,Clearwater,Florida,33758
282,Helocarpon Lichen,707 Fieldstone,New Orleans,Louisiana,70142
283,Corndaisy,65 Charing Cross,Sioux City,Iowa,51110
284,Wrinkled Spineflower,908 Pepper Wood,Roanoke,Virginia,24034
285,Flower Of An Hour,5 Independence,Chattanooga,Tennessee,37405
286,Godfrey's Swampprivet,7 Schmedeman,Worcester,Massachusetts,1610
287,Schreber's Dicranella Moss,1907 Lien,Sacramento,California,94207
288,Alabama Lipfern,1596 Mesta,Dallas,Texas,75387
289,Barbula Moss,990 Carey,Washington,District of Columbia,20337
290,Appalachian Barren Strawberry,69 Florence,Los Angeles,California,90076
291,Pinnacles Buckwheat,5 Clarendon,New Orleans,Louisiana,70165
292,Pygmypipes,9 Surrey,Orlando,Florida,32825
293,Cup Lichen,19 Dunning,Port Saint Lucie,Florida,34985
294,Foothill Clover,241 Merrick,Santa Fe,New Mexico,87592
295,Bellflower Beardtongue,33 Rockefeller,Pueblo,Colorado,81005
296,Bejuco De Miel,24 Evergreen,San Antonio,Texas,78291
297,Haworth's Aeonium,24 Valley Edge,Milwaukee,Wisconsin,53210
298,Fraser Fir,13 Buhler,Chattanooga,Tennessee,37405
299,Smallflower Monkeyflower,953 Union,South Bend,Indiana,46620
300,Largeflower Rose Gentian,7 Di Loreto,Las Vegas,Nevada,89193
301,Preuss' Milkvetch,4 Autumn Leaf,Grand Rapids,Michigan,49518
302,Isachne,70 High Crossing,Baltimore,Maryland,21203
303,American Vetch,172 Calypso,Scottsdale,Arizona,85271
304,Cascade Mountain Ash,56 Hallows,Kansas City,Missouri,64109
305,Tansyleaf Nightshade,174 Sunbrook,Lubbock,Texas,79491
306,Coast Range Brome,284 Kropf,Saint Petersburg,Florida,33731
307,Pellitory,155 Namekagon,Carlsbad,California,92013
308,Northern Biscuitroot,0 Shopko,Aurora,Colorado,80015
309,Tropical Dock,3811 Onsgard,New Brunswick,New Jersey,8922
310,Common Dandelion,1381 Michigan,Buffalo,New York,14233
311,Manna Gum,9 Corscot,Tulsa,Oklahoma,74193
312,Big Bend Beardtongue,6947 Lakewood Gardens,Modesto,California,95354
313,Douglas's Catchfly,5492 5th,Wilmington,North Carolina,28405
314,Horseweed,79377 Westerfield,Panama City,Florida,32412
315,Frosted Buckwheat,2 Jackson,High Point,North Carolina,27264
316,Wart Lichen,188 Charing Cross,Van Nuys,California,91406
317,Heated Phacelia,6049 Montana,Detroit,Michigan,48295
318,Weakleaf Bur Ragweed,13755 Randy,Phoenix,Arizona,85005
319,Water Dead And Awake,3839 Hazelcrest,Des Moines,Iowa,50305
320,Small Enchanter's Nightshade,68996 Sachs,Dallas,Texas,75397
321,Fadyen's Silktassel,9019 Pleasure,Washington,District of Columbia,20599
322,Doublehorn Calicoflower,0 Eastlawn,Washington,District of Columbia,20535
323,Parrotweed,2 Tennyson,Visalia,California,93291
324,Softseed Wild Petunia,69 Thompson,Fort Wayne,Indiana,46805
325,Horsetail Milkweed,200 Forest Dale,Shawnee Mission,Kansas,66215
326,Groundsel,573 Clemons,Dallas,Texas,75236
327,Phloxleaf Bedstraw,4943 Service,Chattanooga,Tennessee,37416
328,Ngai Camphor,602 Burrows,Pittsburgh,Pennsylvania,15274
329,Fourvalve Mimosa,9027 Oxford,Miami,Florida,33175
330,Beard Lichen,88 Eastlawn,Laredo,Texas,78044
331,Silky Lupine,703 North,Fredericksburg,Virginia,22405
332,Tunp Range Twinpod,6 3rd,Pittsburgh,Pennsylvania,15210
333,Bengal Coffee,63 Florence,Albany,New York,12242
334,Bigleaf Paspalum,44 Marquette,Miami,Florida,33180
335,Rusby's Globemallow,2147 Walton,Bakersfield,California,93399
336,Broadfruit Horned Beaksedge,0 Reinke,Houston,Texas,77260
337,Farinose Crabseye Lichen,87 Ruskin,Washington,District of Columbia,20414
338,Michaux's Beard Lichen,65205 Gale,Omaha,Nebraska,68144
339,Crabgrass,38 Karstens,Fort Wayne,Indiana,46814
340,Scouler's St. Johnswort,4 Rowland,College Station,Texas,77844
341,Hooker's Townsend Daisy,403 Londonderry,Concord,California,94522
342,Higuerito,7241 Bartelt,Atlanta,Georgia,31132
343,Water Sphagnum,7350 Kropf,Davenport,Iowa,52804
344,Hirsute Raspberry,835 Hazelcrest,San Antonio,Texas,78250
345,Canyon Cupgrass,897 Vidon,Philadelphia,Pennsylvania,19172
346,Bluethread,99937 Moose,Indianapolis,Indiana,46278
347,Taproot Fleabane,8 Bobwhite,Cape Coral,Florida,33915
348,Shell Lichen,7292 Comanche,Des Moines,Iowa,50305
349,Wreath Lichen,2735 Buell,Washington,District of Columbia,20036
350,Laxleaf Yelloweyed Grass,305 Morning,Los Angeles,California,90005
351,Tall Blazing Star,10172 Schiller,Florence,South Carolina,29505
352,Longleaf Cowpea,71 Hoepker,Anchorage,Alaska,99522
353,Leptochidium Lichen,7489 Bartillon,Albany,New York,12232
354,New Mexican Nightshade,40313 Monument,Elizabeth,New Jersey,7208
355,Looseflower Water-willow,5 Portage,San Francisco,California,94147
356,Lanceleaf Cottonwood,58 Pearson,Phoenix,Arizona,85025
357,Livistona,1 Jackson,Dallas,Texas,75231
358,Tortula Moss,25047 Petterle,Fort Smith,Arkansas,72916
359,Carolina Vervain,2 Superior,Lincoln,Nebraska,68583
360,Purple Amaranth,5 Fair Oaks,Washington,District of Columbia,20557
361,Degener's Cyanea,4 Warner,Pompano Beach,Florida,33075
362,Diphyscium Moss,7011 5th,Newark,New Jersey,7104
363,Manilkara,264 Coolidge,Fort Wayne,Indiana,46896
364,Carolina Joe Pye Weed,1445 Mayfield,Saint Paul,Minnesota,55123
365,Pondweed,84 Mosinee,Evansville,Indiana,47725
366,Santa Lucia Manzanita,859 Jana,Charleston,West Virginia,25313
367,Dunguey,136 Sutteridge,Des Moines,Iowa,50362
368,Carolina Poplar,2 Crownhardt,Fort Wayne,Indiana,46814
369,Spiny Greasebush,528 Mcguire,Honolulu,Hawaii,96820
370,Garden Cucumber,7910 Dakota,San Diego,California,92115
371,Capitate Sedge,715 New Castle,El Paso,Texas,88558
372,Thickfoot Saltbush,7391 Jenna,Norfolk,Virginia,23504
373,Virginia Wildrye,51 Macpherson,Alexandria,Virginia,22313
374,Maemon Valley Maiden Fern,404 Moulton,Gatesville,Texas,76598
375,Cream Ticktrefoil,44 Sullivan,Buffalo,New York,14276
376,Pondweed,141 Grim,Newark,New Jersey,7195
377,Piedmont Threeawn,73 Surrey,Dallas,Texas,75216
378,Spiny Holdback,73 Union,Baltimore,Maryland,21203
379,Giant Antifever Fontinalis Moss,1576 Erie,West Palm Beach,Florida,33405
380,Soft Prairie Clover,768 Schurz,Orlando,Florida,32891
381,Wingstem Spurry,3 Surrey,Billings,Montana,59105
382,Purple Stripeseed,8603 Basil,Kansas City,Missouri,64130
383,Goosegrass Sedge,6987 Anhalt,West Palm Beach,Florida,33405
384,Arizona Yellowhood,60 Northridge,Chula Vista,California,91913
385,Koolau Range Labordia,8951 Mendota,Glendale,California,91205
386,Harrison's Milkvetch,5 Ridgeview,Detroit,Michigan,48295
387,Twoleaf Watermilfoil,118 Jackson,Pensacola,Florida,32511
388,Dacryodes,45054 Prentice,Cincinnati,Ohio,45208
389,Orange Lichen,1 Amoth,Tucson,Arizona,85754
390,Pearson's Phaeoceros,257 Northview,Louisville,Kentucky,40210
391,Ginseng,392 Caliangt,San Antonio,Texas,78278
392,Canaigre Dock,36655 Shelley,Pittsburgh,Pennsylvania,15205
393,Silvery Lupine,106 Pierstorff,South Bend,Indiana,46634
394,Seaside Goldenrod,4 Dennis,Norfolk,Virginia,23514
395,Maricopa Xanthoparmelia Lichen,1 Buell,Burbank,California,91505
396,Pohil's Milkvetch,68468 New Castle,Springfield,Massachusetts,1152
397,Soot Lichen,22 Meadow Vale,Los Angeles,California,90087
398,Marietta Hawthorn,2 Commercial,Phoenix,Arizona,85083
399,Glaucous Beardtongue,1835 Acker,New York City,New York,10029
400,St. Thomas Tree,3832 Orin,Washington,District of Columbia,20520
401,Saltcedar,552 Arkansas,New York City,New York,10099
402,Dot Lichen,0 Ilene,Maple Plain,Minnesota,55579
403,Alkali Marsh Aster,871 Old Gate,Staten Island,New York,10310
404,Sand Pygmyweed,8027 Sunbrook,Albany,New York,12232
405,Slender Beaksedge,3981 Memorial,Northridge,California,91328
406,Adriatic Bellflower,8 Boyd,Knoxville,Tennessee,37939
407,Roadside Windmill Grass,1921 Schmedeman,Raleigh,North Carolina,27621
408,Longrunner,13017 Corry,Norcross,Georgia,30092
409,White Rocklettuce,7054 Fisk,Tucson,Arizona,85720
410,Coastal Plain Palafox,97354 Boyd,Birmingham,Alabama,35225
411,Acrocordia Lichen,4 Bashford,New York City,New York,10099
412,Texan Gumweed,683 Loomis,Spring,Texas,77388
413,Beirut Clover,2670 Lien,Scottsdale,Arizona,85255
414,Spleenwort,5 Glacier Hill,Cincinnati,Ohio,45271
415,Common Candle Snuffer Moss,3760 Fordem,Fargo,North Dakota,58122
416,Puerto Rico Maidenhair,1 Columbus,Trenton,New Jersey,8638
417,Sanguinaria,9 Eggendart,Metairie,Louisiana,70033
418,Drooping Juniper,1862 Sutherland,Eugene,Oregon,97405
419,Gold Blazingstar,8 Summer Ridge,Philadelphia,Pennsylvania,19178
420,Branched Indian Clover,255 Jenna,Houston,Texas,77030
421,Diamond-flowers,935 Golden Leaf,Jacksonville,Florida,32259
422,American Milletgrass,919 Esker,Bridgeport,Connecticut,6673
423,Nakedstem Alkaliweed,0 Clarendon,Evansville,Indiana,47732
424,King's Angelica,2 Pond,Mansfield,Ohio,44905
425,Taylor County Goldaster,6 Sycamore,Arlington,Virginia,22212
426,Spilonema Lichen,5304 Stone Corner,Portland,Oregon,97221
427,Bulbous Adderstongue,172 American Ash,New York City,New York,10155
428,Knotted Rush,2147 Sunbrook,Vancouver,Washington,98682
429,Sticky Brittlebush,4703 Westridge,Fort Worth,Texas,76162
430,Cyclopeltis,98 Westport,Naples,Florida,34108
431,Rim Lichen,500 Shasta,El Paso,Texas,79928
432,Rhabdoweisia Moss,69 Havey,Port Charlotte,Florida,33954
433,Purple Mountain Saxifrage,9663 Carioca,Yakima,Washington,98907
434,Franklin's Phacelia,710 Gina,Pompano Beach,Florida,33064
435,Leafy Bladderwort,1253 Dryden,Crawfordsville,Indiana,47937
436,Coastal Searocket,6 Norway Maple,Fairbanks,Alaska,99790
437,Pseudocyphellaria Lichen,23078 Bobwhite,Pinellas Park,Florida,34665
438,Dense False Gilyflower,8 6th,Corpus Christi,Texas,78415
439,Oxeye,529 Charing Cross,Scranton,Pennsylvania,18505
440,Soulard Crab,4591 Grim,Metairie,Louisiana,70033
441,Claybank Beaksedge,0 Everett,Kansas City,Missouri,64109
442,Synsepalum,20 Crescent Oaks,Atlanta,Georgia,30392
443,Redflower Ragleaf,5227 Brown,Anderson,South Carolina,29625
444,Dacrycarpus,815 Norway Maple,Lawrenceville,Georgia,30045
445,Catberry,595 Esker,Silver Spring,Maryland,20918
446,Yellow Prickle,7 Merrick,Olympia,Washington,98506
447,Blackfoot Sandmat,8 Prentice,Boston,Massachusetts,2119
448,Horsetail Paspalum,1 Continental,Syracuse,New York,13251
449,Globe Dot Lichen,510 Ridgeway,Wilkes Barre,Pennsylvania,18763
450,Limestone Calamint,90 Nancy,Killeen,Texas,76544
451,Onosma,97 Banding,Memphis,Tennessee,38131
452,Island Cyrtandra,72 Butternut,Gary,Indiana,46406
453,Littleleaf Brickellbush,90603 Bultman,Oklahoma City,Oklahoma,73124
454,Loch Lomond Eryngo,89226 Steensland,Houston,Texas,77255
455,West Indian Bristlegrass,25 Colorado,Athens,Georgia,30610
456,Nakedstem Sunray,90 Ilene,Corpus Christi,Texas,78415
457,Winter Aconite,63 Manitowish,South Bend,Indiana,46699
458,Graptophyllum,3596 Vermont,Honolulu,Hawaii,96845
459,Tahquitz Mousetail,65 Arapahoe,Atlanta,Georgia,30343
460,Wright's Rosette Grass,530 Goodland,Seattle,Washington,98104
461,Golden Wattle,35652 Red Cloud,Tyler,Texas,75799
462,Japanese Spiraea,7 Upham,Philadelphia,Pennsylvania,19131
463,Island Wallflower,46 Green,Brooklyn,New York,11254
464,Colonial Bentgrass,315 Butterfield,Ogden,Utah,84409
465,Hybrid Oak,42026 Jay,Oklahoma City,Oklahoma,73129
466,Rush,700 South,Charleston,South Carolina,29416
467,New Zealand Flax,3 Sullivan,Irvine,California,92717
468,Rinodina Lichen,280 Sutherland,Wichita,Kansas,67205
469,Barnacle Lichen,7 Village,Columbus,Ohio,43215
470,Wig Knapweed,51 Farragut,Buffalo,New York,14276
471,Rockface Starviolet,903 Amoth,Augusta,Georgia,30919
472,Margaranthus,57850 Weeping Birch,Longview,Texas,75605
473,Sanionia Moss,1981 Fordem,Chula Vista,California,91913
474,Porter's Wormwood,9 Sutteridge,Irvine,California,92619
475,Wartycabbage,820 Oriole,South Bend,Indiana,46699
476,Whitemargin Beardtongue,0 Quincy,Des Moines,Iowa,50936
477,San Francisco Woodland-star,86 Sherman,Milwaukee,Wisconsin,53277
478,Geysers Panicgrass,67077 Larry,Phoenix,Arizona,85035
479,Commerson's Nightshade,5902 Hovde,Orlando,Florida,32835
480,Drimys,74812 Bultman,Savannah,Georgia,31410
481,Softhairy Maiden Fern,4882 Forest Run,Loretto,Minnesota,55598
482,Bolander's Pea,21 Debs,Memphis,Tennessee,38119
483,Milkvine,2394 Corry,Southfield,Michigan,48076
484,Greater Florida Spurge,2 South,Washington,District of Columbia,20380
485,Dotted Beadfern,8834 Green,Raleigh,North Carolina,27658
486,Sticky Oxeye,308 Forster,Houston,Texas,77276
487,ahakea Lau Nui,98647 Ridgeview,Springfield,Ohio,45505
488,Cusick's Indian Paintbrush,28 Monica,Albany,New York,12222
489,Jaegerina Moss,9072 Lakewood Gardens,Washington,District of Columbia,20337
490,Torrey's Popcornflower,85458 Clarendon,Gainesville,Georgia,30506
491,Didymodon Moss,980 Cody,Oklahoma City,Oklahoma,73147
492,Longleaf Fleabane,15 Boyd,Reno,Nevada,89550
493,Heavy Sedge,24822 Sage,Wichita,Kansas,67210
494,Lambsquarters,79450 Forest,Saint Louis,Missouri,63136
495,Shockley's Goldenhead,75 Village,El Paso,Texas,79923
496,Davidson's Stonecrop,8 Northland,Philadelphia,Pennsylvania,19141
497,Zamia,1376 Tony,Albuquerque,New Mexico,87195
498,Fivestamen Miterwort,1626 Kinsman,Raleigh,North Carolina,27621
499,Fivefinger Chickensage,190 Chinook,Fort Worth,Texas,76192
500,Early Yellowrocket,73984 Harper,San Francisco,California,94137
501,Bride's Feathers,0 La Follette,Paterson,New Jersey,7544
502,Luisierella Moss,122 Mccormick,San Antonio,Texas,78296
503,Threebirds,1 Bellgrove,Fresno,California,93773
504,Del Norte Willow,329 Twin Pines,Jackson,Mississippi,39296
505,Tracy's Bluegrass,7396 Eagle Crest,Boston,Massachusetts,2104
506,Fewflower Evening Primrose,77208 La Follette,Portland,Oregon,97255
507,Ringseed Rush,68241 Laurel,El Paso,Texas,88514
508,Hoary Plantain,551 Chive,Philadelphia,Pennsylvania,19191
509,Hawai'i False Ohelo,6 Tony,Cleveland,Ohio,44197
510,Persian Goatgrass,9085 Shopko,Waco,Texas,76796
511,Adoxa,67 Orin,Reno,Nevada,89505
512,Drummond's Clematis,917 Petterle,Baltimore,Maryland,21281
513,Grimmia Dry Rock Moss,7450 Hoepker,Brooklyn,New York,11210
514,Bryum Moss,95992 Sunnyside,Washington,District of Columbia,20442
515,Bushy Buckwheat,9 Marcy,Yakima,Washington,98907
516,Woodland Rush,6663 Amoth,San Diego,California,92105
517,Cartilage Lichen,1 Southridge,San Jose,California,95194
518,Gray Bushmallow,6288 Mallard,Dayton,Ohio,45470
519,Lemmon's Wildginger,68 Acker,Bonita Springs,Florida,34135
520,Thorne's Buckwheat,1004 Rusk,Riverside,California,92513
521,Lanceleaf Goldenweed,78 Nancy,Columbus,Ohio,43215
522,New England Blue Violet,1 Troy,Birmingham,Alabama,35215
523,Protoblastenia Lichen,269 Redwing,Washington,District of Columbia,20099
524,Beard Lichen,2946 Mccormick,Chicago,Illinois,60686
525,Cinnamon Fern,72121 Schurz,Omaha,Nebraska,68134
526,Twolobe Speedwell,6 Browning,Brooklyn,New York,11225
527,Cola De Paloma,23796 Schurz,Dallas,Texas,75260
528,Racemed Milkwort,0 Derek,Oklahoma City,Oklahoma,73114
529,Garlicvine,30 Harbort,Lexington,Kentucky,40510
530,Varigated Beard Lichen,168 Straubel,Fort Lauderdale,Florida,33325
531,Pacific Manzanita,457 Canary,Largo,Florida,33777
532,Redspined Fishhook Cactus,870 Sommers,Fort Wayne,Indiana,46825
533,Widgeongrass,25926 Miller,Washington,District of Columbia,20580
534,Columbia Gorge Rockcress,97 Rutledge,Baltimore,Maryland,21290
535,Bistort Cartilage Lichen,7 Kingsford,San Diego,California,92110
536,False Fleabane,66 Lukken,Erie,Pennsylvania,16505
537,Curveseed Butterwort,5034 Lakeland,Petaluma,California,94975
538,Pyrenocollema Lichen,7871 Esch,Jackson,Mississippi,39236
539,Marin Knotweed,646 Pearson,Atlanta,Georgia,30343
540,Rough Sprangletop,997 Westerfield,Denver,Colorado,80228
541,Beard Lichen,46 Fuller,El Paso,Texas,79989
542,Cup Lichen,771 Bowman,Philadelphia,Pennsylvania,19191
543,Jessica Sticktight,1 Lakewood,Glendale,Arizona,85305
544,Calcareous Lichenothelia Lichen,4922 Stuart,Bozeman,Montana,59771
545,Pitchersage,8 Scoville,Flint,Michigan,48505
546,Nakedstem Dewflower,6 Mesta,Bloomington,Indiana,47405
547,Racomitrium Moss,3014 Hoepker,Dallas,Texas,75287
548,Nettle,4777 Fallview,New York City,New York,10203
549,Carolina Desert-thorn,50389 Blackbird,Buffalo,New York,14215
550,Rose Bluet,24 Jackson,Honolulu,Hawaii,96835
551,Tall Fescue,9796 Maryland,Vancouver,Washington,98664
552,Tylophoron Lichen,91 Hayes,Seminole,Florida,34642
553,Chiricahua Mountain Mock Vervain,5833 Westridge,Spring Hill,Florida,34611
554,Arizona Spinystar,4911 Larry,San Bernardino,California,92410
555,Canadian Lousewort,661 Almo,Pomona,California,91797
556,Silverweed,10 Northridge,Asheville,North Carolina,28815
557,Yellow Unicorn-plant,231 David,Roanoke,Virginia,24014
558,Sandwort Microcalicium Lichen,2 Bartelt,Trenton,New Jersey,8603
559,Spanish Bayonet,8 Hazelcrest,Olympia,Washington,98506
560,Starke's Brachythecium Moss,24718 Crescent Oaks,Pasadena,California,91199
561,Toothleaf,46165 Prentice,Hamilton,Ohio,45020
562,Wart Lichen,438 Sachs,Salt Lake City,Utah,84125
563,Boquillas Sandmat,1851 Erie,Boise,Idaho,83757
564,Condensed Snow Lichen,16 Vermont,Pasadena,California,91131
565,Hollyfern,70678 Boyd,Abilene,Texas,79605
566,Jesuit's Bark,7145 Toban,Brooklyn,New York,11247
567,Common Cordgrass,845 Southridge,Portland,Oregon,97201
568,Persian Wheat,155 Hoffman,Phoenix,Arizona,85072
569,Cottonseed,92 Bellgrove,Sioux Falls,South Dakota,57110
570,Brown's Pea,6245 Fuller,Tucson,Arizona,85732
571,Arkansas Sedge,7013 Cardinal,Oakland,California,94622
572,Wart Lichen,967 Kenwood,Boston,Massachusetts,2283
573,Anisomeridium Lichen,14 Marquette,Washington,District of Columbia,20310
574,Tundra Warnstorfia Moss,968 Mariners Cove,Lincoln,Nebraska,68505
575,Big-spore Quillwort,0 Oneill,Brea,California,92822
576,Sand Croton,0 Pierstorff,Farmington,Michigan,48335
577,Thunberg's Gardenia,1 Texas,Spring,Texas,77386
578,Crisped Monardella,7 Hayes,Palmdale,California,93591
579,Drumheads,8317 Rowland,Sandy,Utah,84093
580,Autumn Olive,29692 Cordelia,Indianapolis,Indiana,46231
581,Disc Lichen,59 Sugar,Stockton,California,95298
582,Western White Pine,9924 Dovetail,Lexington,Kentucky,40576
583,Hearst Ranch Buckbrush,9804 Bluestem,Fort Worth,Texas,76198
584,Myurella Moss,9499 Westport,Saint Petersburg,Florida,33710
585,Western Rough Goldenrod,331 Mallory,Chico,California,95973
586,Little Green Sedge,3 Sycamore,El Paso,Texas,88519
587,Ear Muhly,3190 Gale,Jackson,Mississippi,39204
588,Annual Checkerbloom,7483 Straubel,Fresno,California,93786
589,Hermannia,5 Crescent Oaks,Panama City,Florida,32412
590,Bermudagrass,2 Bellgrove,Washington,District of Columbia,20099
591,Riverweed,8596 Trailsway,Oxnard,California,93034
592,Annual Rabbitsfoot Grass,967 Welch,Fargo,North Dakota,58106
593,Fringed Dodder,4 Fallview,Springfield,Illinois,62705
594,Mexican Silverbush,1 Blue Bill Park,Tacoma,Washington,98417
595,Bear's Breech,7 Cambridge,Hampton,Virginia,23668
596,Lady's Nightcap,15219 Gerald,Miami,Florida,33261
597,Humboldt's Lily,8897 Fuller,Washington,District of Columbia,20380
598,Chapman's Sedge,1 Village Green,Harrisburg,Pennsylvania,17105
599,Northern Wildrice,0 Morrow,Atlanta,Georgia,30343
600,Yerba De San Juan,62 Grasskamp,New Orleans,Louisiana,70142
601,Dwarf Sedge,8800 Mccormick,San Diego,California,92132
602,Threadleaf Sedge,29198 Buell,San Francisco,California,94159
603,Bitter Ash,53109 Independence,Albany,New York,12222
604,Molokai Mirrorplant,676 Melby,Washington,District of Columbia,20010
605,Spanish Bayonet,10 Saint Paul,Saint Louis,Missouri,63121
606,Hard Spinifex,5041 Ridgeview,Vancouver,Washington,98664
607,Conglomerate Jelly Lichen,4 Oakridge,San Antonio,Texas,78285
608,Branching Phacelia,0 Fulton,Albany,Georgia,31704
609,Hartweg's Umbrellawort,0 South,Fresno,California,93750
610,Riverweed,95744 Talmadge,Kansas City,Kansas,66160
611,Bristleleaf Chaffhead,1 Declaration,Los Angeles,California,90189
612,Urban's Nakedwood,58007 North,Miami,Florida,33180
613,Twinflower,26 Pennsylvania,Milwaukee,Wisconsin,53205
614,Zebrina,9607 Vermont,Fresno,California,93721
615,Pacific Silver Fir,60957 2nd,Atlanta,Georgia,30323
616,Peppervine,4261 Brickson Park,Philadelphia,Pennsylvania,19178
617,Climbing Wartclub,6549 Veith,Oklahoma City,Oklahoma,73129
618,Arrow Thelypody,0 Holmberg,Appleton,Wisconsin,54915
619,Northeastern Saltbush,65 Buena Vista,Raleigh,North Carolina,27610
620,Flagstaff Rockcress,2 Lighthouse Bay,Sarasota,Florida,34238
621,Lija,5237 Pine View,Naples,Florida,33963
622,Serjania,68331 Division,Dallas,Texas,75323
623,Yellow Anisetree,3 Knutson,Washington,District of Columbia,20551
624,Hybrid Oak,6 Spaight,Jacksonville,Florida,32244
625,Tundra Warnstorfia Moss,5 Cordelia,Washington,District of Columbia,20057
626,Field Locoweed,41 Luster,Jacksonville,Florida,32204
627,Snowrose,8 Londonderry,Fresno,California,93709
628,Mountain Misery,2629 Fisk,Saint Paul,Minnesota,55172
629,Jones' Pepperweed,1 Havey,Santa Barbara,California,93111
630,Soft Paspalum,2 American,Oklahoma City,Oklahoma,73157
631,Bulrush,7 Summer Ridge,Tampa,Florida,33620
632,Woolly Prairie Clover,1168 Stuart,Baltimore,Maryland,21290
633,Manchurian Crab Apple,919 Surrey,San Jose,California,95123
634,Coastal Plain Beaksedge,45118 South,Philadelphia,Pennsylvania,19120
635,Darlingplum,7513 Brown,Denver,Colorado,80255
636,Dwarfflower Heartleaf,1 Erie,Vero Beach,Florida,32969
637,Chihuahuan Oak,72 Oxford,New York City,New York,10039
638,Eastern Beebalm,900 Mayfield,Houston,Texas,77234
639,Hillebrand's Ha'a,8163 Knutson,Dallas,Texas,75367
640,Pygmy Buttercup,6 Ludington,Melbourne,Florida,32941
641,Rusby's Locust,23 Johnson,San Antonio,Texas,78265
642,Northern Lecidea Lichen,48 Sommers,Denver,Colorado,80249
643,Shrubby Bedstraw,851 Raven,Sarasota,Florida,34233
644,Scrub Spurge,1116 Fisk,Saint Paul,Minnesota,55146
645,Tulare Cryptantha,20 Thackeray,Columbia,South Carolina,29220
646,Lecidea Lichen,6799 Sunbrook,Seattle,Washington,98158
647,Lake Ella Hawthorn,68 Bunker Hill,Grand Rapids,Michigan,49505
648,Stemless Four-nerve Daisy,6 Coleman,Oakland,California,94605
649,Rusty Lupine,6 Scoville,Mansfield,Ohio,44905
650,Spiked Ipomopsis,87 Michigan,Boston,Massachusetts,2119
651,Fringed Loosestrife,8 Raven,Charlotte,North Carolina,28284
652,Flatsedge,4 Hoffman,San Francisco,California,94169
653,American Mannagrass,9152 Havey,Valley Forge,Pennsylvania,19495
654,Rim Lichen,35624 Burning Wood,Oklahoma City,Oklahoma,73173
655,Buckwheat,1 Fallview,Huntington,West Virginia,25711
656,Indian Biscuitroot,7 Lakeland,Richmond,Virginia,23260
657,Monkey's-comb,270 Debra,Davenport,Iowa,52804
658,Diente De Perro,446 Chinook,College Station,Texas,77844
659,Fescue,2 Thierer,Chicago,Illinois,60674
660,Candle Snuffer Moss,47 Blackbird,Washington,District of Columbia,20099
661,Longpod Stitchwort,26110 Merchant,New Orleans,Louisiana,70183
662,Pink Sundew,8511 Hooker,Savannah,Georgia,31422
663,Smooth Black Sedge,2207 Dawn,Brooklyn,New York,11215
664,Kunth's Smallgrass,786 Corscot,Anchorage,Alaska,99517
665,Eucalyptus,14 Roth,Spokane,Washington,99205
666,Haplophyton,4782 Blackbird,New Haven,Connecticut,6520
667,Curlytop Gumweed,68 Sunbrook,Bakersfield,California,93386
668,Mouseear Hawkweed,5 Service,Santa Fe,New Mexico,87592
669,Grassland Tarweed,3757 Anniversary,Tucson,Arizona,85732
670,Oregon Checkerbloom,43019 Melvin,Abilene,Texas,79605
671,Broadnineleaf Biscuitroot,53 Truax,Sacramento,California,95894
672,Broadleaf Glandweed,735 Sauthoff,Chula Vista,California,91913
673,Arizona Manihot,33 Packers,Salem,Oregon,97306
674,Queen Anne's Lace,830 Roth,Saint Louis,Missouri,63131
675,Bur Oak,7567 Almo,Cincinnati,Ohio,45228
676,Felt Lichen,451 Hauk,Modesto,California,95397
677,Fig,789 Montana,El Paso,Texas,79928
678,Sanborn's Onion,71 Nevada,Denver,Colorado,80223
679,Cooke's Map Lichen,9811 Beilfuss,Saint Petersburg,Florida,33737
680,Kentucky Bluegrass,530 Sugar,Inglewood,California,90398
681,Scribble Lichen,5 Porter,Young America,Minnesota,55564
682,Polyblastia Lichen,7 Monterey,Terre Haute,Indiana,47812
683,Stiff Yellow Flax,517 Barnett,Las Vegas,Nevada,89110
684,Hairy Pagoda-plant,80 Hudson,Phoenix,Arizona,85015
685,Beard Lichen,65 Portage,Bloomington,Indiana,47405
686,Acacia,44 Colorado,Baltimore,Maryland,21229
687,Birch,6 Crownhardt,New York City,New York,10079
688,Tall Thoroughwort,4205 Northwestern,Albany,Georgia,31704
689,Halfchaff Sedge,80777 Esch,Atlanta,Georgia,30343
690,Onesided Monkeyflower,535 Valley Edge,El Paso,Texas,88519
691,Smallflower Fishhook Cactus,9 Ramsey,Green Bay,Wisconsin,54305
692,Mountain-ash,291 Bellgrove,Fresno,California,93778
693,Phantom Orchid,995 Rusk,Las Vegas,Nevada,89120
694,Cusick's Bluegrass,797 Heffernan,Philadelphia,Pennsylvania,19131
695,Helianthella,37 Lerdahl,Rochester,New York,14619
696,Grevillea,4 Calypso,Saint Louis,Missouri,63131
697,Thicket Globemallow,28984 Harper,Evansville,Indiana,47725
698,Siskiyou Mountain Woodland-star,19 Sherman,Santa Ana,California,92705
699,Cochise Horseweed,6 Dunning,Battle Creek,Michigan,49018
700,Saussurea,40 Roxbury,Mobile,Alabama,36628
701,Script Lichen,2 Banding,Helena,Montana,59623
702,Lesser Shepherdscress,25 Declaration,Peoria,Illinois,61656
703,California Helianthella,660 Anhalt,Jacksonville,Florida,32204
704,Rocky Mountain Phacelia,6 Shopko,Austin,Texas,78726
705,Burrdock,6 Algoma,Saint Paul,Minnesota,55108
706,Ailanthus,70 Drewry,Asheville,North Carolina,28805
707,Martinique Trimezia,5009 Sycamore,Boise,Idaho,83727
708,Wishbone Fiddleleaf,4358 Granby,Kansas City,Missouri,64199
709,Desert Trumpet,7061 Dwight,Waco,Texas,76711
710,Snowpeaks Raspberry,385 Oneill,Dayton,Ohio,45440
711,Squarrose Knapweed,51 Burning Wood,Waco,Texas,76711
712,Fremont's Monkeyflower,31024 Pepper Wood,Lake Charles,Louisiana,70607
713,Royal Cheesewood,217 Morningstar,Miami,Florida,33124
714,Rinodina Lichen,12912 Stoughton,Las Vegas,Nevada,89130
715,Rosy Pussytoes,101 Boyd,Savannah,Georgia,31422
716,Lava Cyrtandra,79497 Corben,Davenport,Iowa,52809
717,Common Tansy,3541 Gina,Grand Rapids,Michigan,49560
718,Pygmy Bentspur Orchid,96 Marcy,Pasadena,California,91103
719,Threeleaf Goldthread,531 Corben,Washington,District of Columbia,20591
720,Hepp's Cracked Lichen,59630 Daystar,Phoenix,Arizona,85030
721,Drummond's Campion,49 Di Loreto,Reno,Nevada,89519
722,Canby's Lobelia,49 Browning,Austin,Texas,78721
723,Asian White Birch,850 Riverside,Fort Worth,Texas,76121
724,Western Bog Yellowcress,295 Buell,Jersey City,New Jersey,7310
725,San Gabriel Bluecup,3278 Cottonwood,El Paso,Texas,79994
726,Brittlestem,4 Nova,Spokane,Washington,99215
727,Mother Of Thyme,120 Evergreen,San Antonio,Texas,78296
728,Balsam Of Tolu,7 Village Green,Orange,California,92668
729,Dendrographa Lichen,94652 Larry,Atlanta,Georgia,30301
730,Paradise Tansymustard,0 Goodland,Tucson,Arizona,85754
731,Helminthostachys,82 Springview,Carson City,Nevada,89706
732,Maui Stenogyne,6741 Rieder,Pittsburgh,Pennsylvania,15250
733,Groundplum Milkvetch,5 Summer Ridge,Hialeah,Florida,33013
734,Arizona Spinystar,5499 Sugar,Des Moines,Iowa,50393
735,Shortbeard Plumegrass,2 Prairieview,Los Angeles,California,90189
736,Longstalk Clover,264 Center,Rochester,New York,14604
737,Madhuca,78 Bluestem,Charleston,West Virginia,25362
738,Trimezia,21 Hayes,Peoria,Illinois,61605
739,Plateilema,4893 Bayside,Dallas,Texas,75205
740,Cheesewood,4666 Pond,Washington,District of Columbia,20503
741,Big Carpetgrass,431 Fuller,Boulder,Colorado,80305
742,Sagebrush Cholla,24413 Melvin,Birmingham,Alabama,35231
743,False Rosinweed,574 Westerfield,Washington,District of Columbia,20260
744,Barometerbush,57187 Lakewood Gardens,New Orleans,Louisiana,70187
745,Bush's Fissidens Moss,31 Declaration,Pittsburgh,Pennsylvania,15225
746,Aroeira Blanca,8 Logan,Nashville,Tennessee,37245
747,Arizona Calcareous Moss,26426 Talisman,Gainesville,Florida,32610
748,Woolly Huckleberry,3 Michigan,Providence,Rhode Island,2905
749,Beavertip Draba,6 Dakota,Gary,Indiana,46406
750,Sagebrush Mariposa Lily,1393 Miller,Portland,Maine,4109
751,Scalloped Milkwort,6 Dunning,Austin,Texas,78721
752,Guiana Fern,58262 Esch,Denver,Colorado,80262
753,Blue Ridge Blueberry,8434 Caliangt,Memphis,Tennessee,38114
754,Ray's Knotweed,31 Oriole,Houston,Texas,77065
755,Old World Flatsedge,85 Ridgeway,Charlottesville,Virginia,22903
756,Boundary Peak Rockcress,0 Village,Honolulu,Hawaii,96845
757,Santa Rita Threeawn,98276 Montana,Fresno,California,93762
758,Common Ragwort,4 Anthes,Jacksonville,Florida,32215
759,Douglas' Phacelia,45535 Prairie Rose,Odessa,Texas,79764
760,Star Gentian,162 Fuller,Washington,District of Columbia,20525
761,Duchesne Milkvetch,7 Westerfield,Greensboro,North Carolina,27415
762,Jamaican Babyboot Orchid,1112 Corscot,Peoria,Illinois,61605
763,Onesided Threadplant,56 Brown,Jamaica,New York,11499
764,Valley Lupine,65 Tony,Philadelphia,Pennsylvania,19191
765,Dotseed Plantain,23207 Carpenter,Tampa,Florida,33605
766,Fairy Beaksedge,1815 Maywood,Flushing,New York,11388
767,Cup Lichen,1041 Shopko,Springfield,Ohio,45505
768,False Heather,87023 Pearson,Raleigh,North Carolina,27635
769,Grayleaf Red Raspberry,9 Caliangt,Kansas City,Missouri,64187
770,Dwarf Arctic Ragwort,8 Northwestern,Miami,Florida,33245
771,Alamovine,6 Red Cloud,Clearwater,Florida,33758
772,Anderson's Milkvetch,45702 Mayer,Richmond,Virginia,23242
773,Beach Pea,76444 Johnson,Joliet,Illinois,60435
774,Madam Gorgon,76318 Thackeray,Indianapolis,Indiana,46226
775,Smallflower Delissea,3385 Manitowish,Columbia,South Carolina,29220
776,Parakeetflower,3 Redwing,West Palm Beach,Florida,33411
777,Staghorn Fern,1 Brown,Trenton,New Jersey,8638
778,American Basswood,6 Hazelcrest,Lubbock,Texas,79415
779,Tall Milkvetch,611 Northfield,Bronx,New York,10474
780,Cyclanthera,9 Karstens,Berkeley,California,94712
781,Blackfoot Groundsmoke,28 Hooker,Houston,Texas,77055
782,Western Purple Cranesbill,5110 Mayfield,Homestead,Florida,33034
783,Spider Plant,59 Roxbury,Tulsa,Oklahoma,74149
784,Stinkgrass,7 Pond,Eugene,Oregon,97405
785,Velvet Lupine,80 Eagan,Anchorage,Alaska,99517
786,Brome Fescue,18364 Prentice,Washington,District of Columbia,20535
787,Pointtip Twinpod,8635 Old Shore,Milwaukee,Wisconsin,53263
788,Cockleshell Lichen,8877 Hanover,New York City,New York,10039
789,Weeping Bottlebrush,6 Messerschmidt,Brooklyn,New York,11231
790,Green-winged Orchid,412 Tennessee,Phoenix,Arizona,85045
791,Narciso Colorado,8 Kipling,Spring Hill,Florida,34611
792,Dot Lichen,1 Jay,South Bend,Indiana,46634
793,Creeping Alkaligrass,202 Riverside,Bozeman,Montana,59771
794,Barbas De Indio,93 Cherokee,Boston,Massachusetts,2298
795,Dancing-lady Orchid,751 Esker,Albany,New York,12242
796,Croomia,349 Kipling,Johnstown,Pennsylvania,15906
797,Maranta,15 Eagle Crest,Saint Paul,Minnesota,55108
798,African Mustard,62810 Mandrake,Philadelphia,Pennsylvania,19196
799,Santa Catalina Island Manzanita,23531 Cardinal,Columbia,South Carolina,29225
800,Hairless Fleabane,671 Meadow Ridge,Charlottesville,Virginia,22908
801,Large Yellow Vetch,251 Maywood,Wilmington,Delaware,19897
802,Viscid Mallow,4 Dryden,Paterson,New Jersey,7505
803,Schwerin's False Indigo,4 Michigan,Fresno,California,93794
804,Northern Licorice-root,8 Lawn,Birmingham,Alabama,35205
805,Broadleaf Lupine,95700 Maple,San Francisco,California,94169
806,Rat-tail Grass,32 Stone Corner,San Antonio,Texas,78240
807,Eggyolk Lichen,89569 Oakridge,Metairie,Louisiana,70005
808,Heller's Draba,5701 Hudson,Pueblo,Colorado,81015
809,Largebract Ticktrefoil,4724 Autumn Leaf,Gainesville,Florida,32610
810,Dunn's Mariposa Lily,611 Maywood,Orlando,Florida,32891
811,Wart Lichen,1917 Hoard,Houston,Texas,77040
812,Richardson's Bittercress,60077 Maryland,Orange,California,92867
813,Broadleaf Ironweed,729 Summit,Washington,District of Columbia,20430
814,Columbian Monkshood,9120 Golf,Miami,Florida,33158
815,Basin Bellflower,481 Bellgrove,Fort Myers,Florida,33913
816,Brachythecium Moss,708 Bellgrove,Saginaw,Michigan,48609
817,Scott Mountain Phacelia,2500 Mayer,Charleston,West Virginia,25321
818,Dentate False Pennyroyal,7479 Warrior,Colorado Springs,Colorado,80945
819,Woodystem Speedwell,44417 Shoshone,Brooklyn,New York,11225
820,Laurel De Paloma,70 Kensington,Macon,Georgia,31210
821,Tahawas Porpidia Lichen,5 Longview,Albany,New York,12237
822,Low Northern Sedge,0 Lyons,Chicago,Illinois,60657
823,Entireleaf Western Daisy,171 Maple,Lansing,Michigan,48919
824,Bingen Lupine,876 Delaware,El Paso,Texas,88525
825,Bristlemallow,9 Division,Waco,Texas,76796
826,Oak Ridge Lupine,65 Debs,Columbus,Ohio,43215
827,Chihuahuan Lupine,967 Spenser,Detroit,Michigan,48232
828,Velvet Lupine,77 Shopko,Roanoke,Virginia,24020
829,Big Bend Pricklypear,73081 Heath,Amarillo,Texas,79118
830,Mountain Meadowfoam,1 Lotheville,San Bernardino,California,92410
831,Chestnut,3134 Veith,Tyler,Texas,75705
832,Littlebrownjug,65 Anderson,Tacoma,Washington,98481
833,Parry's Jujube,34742 Rutledge,Anchorage,Alaska,99522
834,Kombe Arrow Poison,82 Golf View,San Francisco,California,94126
835,Mountain Carpet Clover,1 Kropf,Tallahassee,Florida,32314
836,Plantainleaf Dubautia,892 Birchwood,Honolulu,Hawaii,96815
837,Carrotwood,64107 La Follette,Washington,District of Columbia,20456
838,Butterbough,7 Basil,Washington,District of Columbia,20046
839,Slender Panicgrass,32 Forest,Boise,Idaho,83727
840,Dwarf Checkerbloom,804 Ruskin,Anchorage,Alaska,99507
841,Springfield's Beardgrass,120 Valley Edge,Louisville,Kentucky,40250
842,Lady Of The Night Orchid,93 Thierer,Saint Louis,Missouri,63121
843,Hybrid Oak,78 Victoria,Scranton,Pennsylvania,18505
844,Thymeleaf Sandwort,9 Colorado,Shawnee Mission,Kansas,66225
845,Florida Diamondflowers,0 Marquette,Bakersfield,California,93311
846,Button Eryngo,2 Glacier Hill,San Diego,California,92153
847,Narrowleaf Zinnia,7 Myrtle,Washington,District of Columbia,20205
848,Middleton False Foxglove,198 Thompson,Arlington,Texas,76011
849,Palm-leaf Marshmallow,42 New Castle,Bethesda,Maryland,20892
850,Chinese Box,96554 Boyd,Milwaukee,Wisconsin,53225
851,Alkali Desertparsley,5 Burning Wood,Minneapolis,Minnesota,55423
852,Aphragmus,2 Warner,Santa Rosa,California,95405
853,Hairy Crabweed,56512 Pennsylvania,Decatur,Georgia,30033
854,Poorman's Patch,4256 Lakewood,Indianapolis,Indiana,46216
855,Coneplant,6 Jenifer,Birmingham,Alabama,35231
856,Dwarf Cupflower,69492 Forster,Washington,District of Columbia,20436
857,California Poppy,43320 Farragut,Albuquerque,New Mexico,87105
858,Walking-stick Palm,908 Manitowish,Dallas,Texas,75265
859,Parry's Rabbitbrush,439 Oak Valley,Birmingham,Alabama,35215
860,Saber Bogmat,2186 Shasta,Gainesville,Georgia,30506
861,Silverscale Saltbush,89961 Pine View,Peoria,Illinois,61614
862,Shrubby Cinquefoil,73986 Duke,Dallas,Texas,75353
863,Reynoldsia,5 Russell,Norfolk,Virginia,23504
864,Bryoerythrophyllum Moss,6654 Kropf,Naples,Florida,33963
865,Flame Bottletree,19969 Eagle Crest,Manassas,Virginia,22111
866,Plum,90 Clyde Gallagher,Elmira,New York,14905
867,Leathery Knotweed,1992 Jay,Dayton,Ohio,45432
868,Giant Chinquapin,560 Susan,Vancouver,Washington,98687
869,Durio,2747 Oxford,London,Kentucky,40745
870,Parry Manzanita,42 Hudson,Washington,District of Columbia,20260
871,Redclaws,1 Memorial,Seattle,Washington,98185
872,Silverskin Lichen,2062 Marquette,Fayetteville,North Carolina,28305
873,Faux Persil,99 Veith,San Luis Obispo,California,93407
874,Bird-of-paradise,52 Mifflin,El Paso,Texas,79994
875,Blandow's Helodium Moss,4544 Birchwood,Dayton,Ohio,45490
876,California Wild Grape,6 Johnson,East Saint Louis,Illinois,62205
877,Rockdaisy,0 Becker,Baltimore,Maryland,21281
878,Spreading Yellowcress,44759 Esch,Newark,New Jersey,7195
879,Agrimony,5647 Vera,Jacksonville,Florida,32255
880,Coast Range False Bindweed,3339 West,Toledo,Ohio,43699
881,Slenderleaf False Foxglove,6920 Sunfield,Saint Augustine,Florida,32092
882,Gundelia,1945 Burrows,Los Angeles,California,90005
883,Robison's Monardella,152 Buell,Hayward,California,94544
884,Creeping Maiden Fern,78 Caliangt,Houston,Texas,77288
885,Yukon Groundsel,853 Cardinal,Silver Spring,Maryland,20904
886,Curved-fruit Blacksenna,42 Dwight,Carson City,Nevada,89706
887,Wart Lichen,964 Reinke,Trenton,New Jersey,8650
888,Scarlet Larkspur,774 Independence,Sioux Falls,South Dakota,57110
889,akupa,4651 Autumn Leaf,Santa Barbara,California,93150
890,Grassland Silverpuffs,8 Esker,Spokane,Washington,99220
891,Subalpine Mariposa Lily,34 Harper,Oklahoma City,Oklahoma,73104
892,Bonnet Orchid,8 Tony,Cincinnati,Ohio,45271
893,Whitejacket,4 Oriole,Flint,Michigan,48555
894,Wyoming Townsend Daisy,397 Buell,Springfield,Illinois,62776
895,Haplohymenium Moss,782 Elka,Sacramento,California,95828
896,Roadside Sandmat,267 Main,Sacramento,California,94250
897,Santa Fe Milkvetch,15 Quincy,Sioux City,Iowa,51110
898,Snow Lichen,276 Parkside,New York City,New York,10150
899,False Goldeneye,85979 Farwell,Modesto,California,95354
900,Slender Grama,2 Hintze,Waco,Texas,76796
901,Yosemite Buckthorn,11595 Meadow Ridge,Huntington,West Virginia,25709
902,Orange Lichen,6528 Fair Oaks,Baltimore,Maryland,21239
903,Merrill's Rim Lichen,8 Buell,Houston,Texas,77030
904,Santa Barbara Island Liveforever,357 Springs,Minneapolis,Minnesota,55436
905,Hyssop Loosestrife,23 Sage,Fort Smith,Arkansas,72916
906,Spikemoss,5691 Milwaukee,San Francisco,California,94164
907,Eastwood's Baby Blue Eyes,12 Superior,Honolulu,Hawaii,96820
908,Weeping Willow,9 Montana,Lexington,Kentucky,40510
909,Spotted Asian Poppy,5 Del Mar,Chicago,Illinois,60609
910,Longleaf Jointfir,1 Melby,Houston,Texas,77266
911,Prairie Phacelia,13 Ridgeway,Erie,Pennsylvania,16522
912,Winged Buckwheat,9640 Dwight,Tulsa,Oklahoma,74184
913,Mono Phacelia,7754 Caliangt,San Francisco,California,94177
914,Petite Desertdandelion,33949 Butterfield,Atlanta,Georgia,30356
915,Texas Blazingstar,61665 Bowman,Atlanta,Georgia,30392
916,California Biddy-biddy,821 Rockefeller,Washington,District of Columbia,20088
917,Echites,9 Luster,Knoxville,Tennessee,37939
918,Jepson's Onion,7 Prentice,Aurora,Colorado,80015
919,Slender Cryptantha,68454 Oriole,Washington,District of Columbia,20535
920,Thickleaf Phlox,37727 Merry,Fresno,California,93778
921,Beardless Rabbitsfoot Grass,65 Clove,Rochester,New York,14639
922,Babyslippers,3 Vera,Billings,Montana,59105
923,Purple Moorgrass,20068 Clove,Indianapolis,Indiana,46254
924,African Mahogany,8967 Warner,Baton Rouge,Louisiana,70805
925,Hall's Bentgrass,11237 Messerschmidt,Hampton,Virginia,23668
926,Pinesap,2 Butternut,Dallas,Texas,75379
927,Blodgett's Swallow-wort,31130 Lakewood Gardens,Columbus,Georgia,31998
928,Hawai'i Silversword,69254 1st,Miami,Florida,33164
929,Dwarf Spotflower,9535 Monument,Lexington,Kentucky,40591
930,Beach Spiderlily,590 Holy Cross,Maple Plain,Minnesota,55572
931,Creeping Marshwort,680 Mitchell,Las Vegas,Nevada,89120
932,Hansen's Bird's Beak,427 Colorado,Lubbock,Texas,79491
933,Pygmy Poppy,28505 Golf,Bronx,New York,10464
934,Blue Ash,83 Nova,Whittier,California,90610
935,Barbados Aloe,131 Vidon,Cleveland,Ohio,44118
936,Dot Lichen,20437 Bultman,Toledo,Ohio,43635
937,Woodland Strawberry,25 Fairfield,White Plains,New York,10633
938,Prairie Dropseed,22 Packers,Trenton,New Jersey,8650
939,Sand Goldenheather,80216 Dunning,New York City,New York,10034
940,Alhagi,91 Corben,North Hollywood,California,91616
941,Terrestrial Cowhorn Orchid,2182 Moland,Saint Paul,Minnesota,55146
942,Yellow Oatgrass,45 Bay,Houston,Texas,77020
943,Sitka Starwort,2 Mitchell,Boston,Massachusetts,2283
944,Santa Cruz Mountains Beardtongue,4681 Monica,Topeka,Kansas,66606
945,East Texas Greenthread,1435 Doe Crossing,Mesquite,Texas,75185
946,Yellow Stonecrop,18 Thompson,Fort Worth,Texas,76192
947,Fremont's Desert-thorn,41 Kipling,Denton,Texas,76205
948,Arctic Brodoa Lichen,35 Crescent Oaks,Saint Joseph,Missouri,64504
949,Winter Creeper,349 Acker,Austin,Texas,78726
950,Arizona Passionflower,17324 Linden,New Orleans,Louisiana,70165
951,Crocynia Lichen,54412 Rigney,Waco,Texas,76711
952,Hitchenia,7501 Crest Line,Virginia Beach,Virginia,23471
953,Yellow Bleeding Heart,6 Dakota,Boise,Idaho,83732
954,Dogmustard,49 Mitchell,Lincoln,Nebraska,68583
955,Rice Button Aster,4 Elgar,Rochester,New York,14609
956,Blue Pygmyflower,10301 Springview,Merrifield,Virginia,22119
957,Sierra Madre Lobelia,9754 Pawling,Denver,Colorado,80243
958,Scorpion's-tail,14477 Buena Vista,Colorado Springs,Colorado,80905
959,Cusick's Serviceberry,3123 Memorial,Topeka,Kansas,66699
960,Hammond's Claytonia,5 Grim,Rochester,New York,14652
961,Galactic Dot Lichen,4 Trailsway,Kent,Washington,98042
962,Petitia,72 Green Ridge,Levittown,Pennsylvania,19058
963,Wright's Golden Saxifrage,88688 Pennsylvania,Davenport,Iowa,52804
964,Hooker's Orchid,5 Graceland,Tampa,Florida,33673
965,Broadbeard Beardtongue,4 Toban,Birmingham,Alabama,35244
966,Falling Dewberry,61 Clemons,Washington,District of Columbia,20420
967,Pagoda Buckwheat,87 Wayridge,Tallahassee,Florida,32304
968,Showy Goldenbanner,73119 Orin,Arlington,Virginia,22205
969,Pasionaria De Cercas,6 Northland,Wichita,Kansas,67260
970,Bog Anemone,72 Rowland,Houston,Texas,77228
971,Curame,7950 Shoshone,Largo,Florida,34643
972,Gray's Draba,7035 Schmedeman,Scottsdale,Arizona,85260
973,Hillside Vervain,762 Maywood,Salt Lake City,Utah,84189
974,Shrubby Alkaliaster,5 Monument,Washington,District of Columbia,20430
975,Lescur's Pohlia Moss,20 Corry,Lincoln,Nebraska,68517
976,Curtiss' Nutrush,865 Namekagon,Spokane,Washington,99210
977,Ditrichum Moss,4147 Corben,Saint Louis,Missouri,63167
978,Minniebush,334 Loeprich,Oklahoma City,Oklahoma,73124
979,Blackthorn,54 Grasskamp,Memphis,Tennessee,38114
980,Oleaster,73375 Mallard,El Paso,Texas,88553
981,Pineland Fern,1 Amoth,Lafayette,Indiana,47905
982,Parry's Oxytrope,87227 Melby,Saint Louis,Missouri,63196
983,Big Deervetch,17 Scofield,Durham,North Carolina,27705
984,Drooping Wattle,610 Novick,Saint Paul,Minnesota,55172
985,Dawn Redwood,72 Express,Milwaukee,Wisconsin,53225
986,Nylon Hedgehog Cactus,5 Mcbride,Lincoln,Nebraska,68524
987,Japanese Red Pine,5 Rigney,Monticello,Minnesota,55565
988,Manzanilla Horseweed,5300 La Follette,Tallahassee,Florida,32314
989,Coastal Indigo,79886 Brickson Park,Portland,Oregon,97221
990,Goosefoot Violet,395 Portage,Silver Spring,Maryland,20904
991,Ravenel's Wart Lichen,9244 Mcbride,Mobile,Alabama,36689
992,Saltmeadow Rush,9386 Maywood,Hampton,Virginia,23663
993,Ramshaw Meadows Sand Verbena,55 Jenifer,Huntsville,Alabama,35810
994,Piedmont Azalea,104 International,Newton,Massachusetts,2458
995,Water Horsetail,1181 Jenna,Springfield,Massachusetts,1105
996,Cutover Muhly,4 Burning Wood,Anchorage,Alaska,99517
997,Ironweed,76668 Pond,Cincinnati,Ohio,45249
998,Rimularia Lichen,941 Ridgeview,Anniston,Alabama,36205
999,Palmer's Bluestar,72238 Lake View,Hicksville,New York,11854
1000,Brachelyma Moss,649 Carioca,Sterling,Virginia,20167